t,ax,ay,az,gx,gy,gz
0.5561173999994935,0.0,0.0,0.0,-0.002501636483452893,-0.062423093068804864,-0.00106051167449058
0.5806029999985185,0.0,0.0,0.0,0.001081205602567577,0.00309633073892914,-0.0004872743366908566
0.6302982999986853,0.0,0.0,0.0,0.00010925973149066079,0.0024871994724410713,-0.0003492044892806506
0.6790455000009388,0.0,0.0,0.0,-1.982410324345875e-05,-0.00016465966213509366,-0.0003992774066826195
0.7303638000012143,0.0,0.0,0.0,-4.823040918858398e-05,-0.0005732141696015346,-0.00031855575822607973
0.7779657999999472,0.0,0.0,0.0,3.885291717055539e-05,0.00030563978375943514,-0.0003812370452454795
0.8305795999986003,0.0,0.0,0.0,2.6200228011320197e-06,-0.000432892988581138,-0.00045416270061931103
0.8791582999983802,0.0,0.0,0.0,3.7598800792704e-05,0.00022504662095241537,-0.0008094153274172292
0.9355708000002778,0.0,0.0,0.0,4.967263493573903e-05,0.0004113820650766996,-0.0007555060734937816
0.9842586000013398,0.0,0.0,0.0,9.07898501195965e-06,0.00041263157590473243,-0.0007952423921882721
1.0356525999995938,0.0,0.0,0.0,-6.456924560142063e-06,0.00029824984553996064,-0.0007184588159678889
1.0811256999986654,0.0,0.0,0.0,-3.674449561372933e-05,-0.00110136370783794,-0.000786018593737644
1.127455199999531,0.0,0.0,0.0,2.0240010472145425e-05,0.0003033382842772517,-0.0006933862642822359
1.1783813000001828,0.0,0.0,0.0,-5.2512355700133005e-05,0.0004364782381399584,-0.0007112109156310758
1.2290758000017377,0.0,0.0,0.0,3.678240182798067e-05,1.2754000059198126e-06,-0.00018281477525530342
1.286944499999663,0.0,0.0,0.0,-5.9524261355820186e-05,-0.001008170774931481,-0.0006010896972901698
1.3288376000018616,0.0,0.0,0.0,1.9013765416896634e-06,-0.00010089020919385002,-0.00018987887384608717
1.3802909000005457,0.0,0.0,0.0,0.00013642058175814009,0.001006917401215836,-0.00033909659317027396
1.4311211999993247,0.0,0.0,0.0,-8.451052475084579e-05,0.0006707298718277015,-0.00018656152080577578
1.480427200000122,0.0,0.0,0.0,5.12763597736317e-06,-0.0003295548729987571,-0.00021661151988541105
1.528819700000895,0.0,0.0,0.0,-1.6938594167717478e-05,-0.0004508662090832179,-0.00018565817410183926
1.578492799999367,0.0,0.0,0.0,4.324166034905285e-05,0.0004897765114102605,-0.0001678781791980715
1.631504799999675,0.0,0.0,0.0,-7.919365730231631e-05,-0.0007917193679996366,-0.00014279198847350435
1.6854984999990847,0.0,0.0,0.0,6.385540879529325e-05,0.0002183346696850247,-0.000128053015520505
1.7309611000018776,0.0,0.0,0.0,-2.6071173566725443e-05,5.091283565090117e-05,-0.00010896363692353212
1.7827853999988292,0.0,0.0,0.0,5.8112173821037015e-06,7.062948730784424e-05,-0.0001269105802566284
1.8297113000007812,0.0,0.0,0.0,2.416776462216531e-06,-0.00016251819683576335,2.2029092445997325e-05
1.8799923000005947,0.0,0.0,0.0,-7.4576410006814465e-06,0.0007338987769127365,-0.00029935504684379854
1.9297288000016124,0.0,0.0,0.0,-2.786294294321972e-05,-5.5707150898018406e-05,-0.0004924214256072086
1.9816911999987497,0.0,0.0,0.0,-2.1086295206939427e-05,-0.0006424726629524796,-0.0007667762364891458
2.029218100000435,0.0,0.0,0.0,1.3628155611809289e-05,-0.0002664887593520058,-0.0007702798667501771
2.0822713999987172,0.0,0.0,0.0,7.687216778508414e-05,0.0001456809824293787,-0.0006297129805610703
2.1295162999995227,0.0,0.0,0.0,-8.42122653620917e-05,0.0006443488700807035,-0.0006625995692011182
2.1783662999987428,0.0,0.0,0.0,-2.0043560697538547e-05,0.00022269219241444495,-0.00031178684966317666
2.230618500001583,0.0,0.0,0.0,8.054597454307654e-05,0.001079330330070964,-0.00014568985564615956
2.2838947999989614,0.0,0.0,0.0,-4.9181955154034095e-05,-0.0016997866391591353,-0.00025082677891308225
2.3311662999985856,0.0,0.0,0.0,-9.889436139912483e-06,-0.00048121953044975597,-0.0003555221268016323
2.3814526999994996,0.0,0.0,0.0,-1.9232674443232282e-05,0.0012154504135320023,-0.0003143624528677796
2.429885800000193,0.0,0.0,0.0,7.846971834405615e-05,-0.0008272385883595979,-0.00020456513477556877
2.479153700001916,0.0,0.0,0.0,2.068847456770593e-05,0.0006700274544346426,-0.0002330258893037997
2.53342419999899,0.0,0.0,0.0,1.0630960317348025e-05,-0.0011496019034435256,-0.0005166795732856606
2.5866042000016023,0.0,0.0,0.0,-8.178362471981487e-06,0.0006238002763221972,-0.0006222620551482661
2.6324878000013996,0.0,0.0,0.0,8.753198375567498e-06,-0.00047060666136235294,-0.0006132041068703914
2.6801253000012366,0.0,0.0,0.0,-3.203313266769221e-05,2.155618689170746e-05,-0.0005670618834665438
2.7310604000012972,0.0,0.0,0.0,-3.647377076936472e-05,0.00016385052359647455,-0.000657320688039584
2.7801994000001287,0.0,0.0,0.0,3.718646252955652e-05,0.00021527636477196153,-0.0005978140053558563
2.8326448000007076,0.0,0.0,0.0,1.300577473082843e-05,-0.00010943279076265907,-0.0007170402644544247
2.8842930999999226,0.0,0.0,0.0,2.66999758129181e-05,0.000919418585165194,-0.0006260120323178228
2.9288530999983777,0.0,0.0,0.0,-1.6179297896526984e-05,-0.0011866918942826656,-0.0004044721921812464
2.982158700000582,0.0,0.0,0.0,-0.0001288690456390242,0.00035496244362736494,-0.00035001738574681003
3.032258700000966,0.0,0.0,0.0,-9.759849116898409e-06,-0.0002630501164536872,-0.00021070576481409557
3.0790808999990986,0.0,0.0,0.0,2.8850345811020647e-05,-0.00012120334210989302,2.913524700990008e-05
3.128778800000873,0.0,0.0,0.0,7.344408186583713e-06,0.000769890012753075,-5.714909110628688e-05
3.1801639000004798,0.0,0.0,0.0,-2.913202559472683e-05,-0.000488024646669717,-5.4339107334419845e-05
3.232006900001579,0.0,0.0,0.0,5.480608634748124e-05,-1.6721863687855692e-05,-0.00023412737325062425
3.2878864999984216,0.0,0.0,0.0,-1.5523152897956263e-05,0.00016505693597683463,-9.8335486316721e-05
3.336005600001954,0.0,0.0,0.0,-1.4391968912238997e-05,-0.00018380135511038428,-2.3456046979444268e-05
3.3804803999992146,0.0,0.0,0.0,6.870189950132026e-06,-0.00027306714985404697,-0.0002454138260986953
3.428960699999152,0.0,0.0,0.0,2.4686988922610742e-05,5.5939962461655324e-05,-0.00035398880661832586
3.480507000000216,0.0,0.0,0.0,6.683207808311438e-05,0.000758961033015542,-0.00039774182365996127
3.529232500000944,0.0,0.0,0.0,-1.6377369151179113e-05,-0.0006368605096145806,-0.0005378848015028815
3.581321099998604,0.0,0.0,0.0,-2.328546907159377e-05,-0.0006376387342057549,-0.00035551648181099
3.6304525999985344,0.0,0.0,0.0,2.9413906192930405e-05,0.0005563889872495726,-0.0003747482905518784
3.679064500000095,0.0,0.0,0.0,-4.792347955178848e-05,-4.960108311052255e-05,-0.0004842710997230738
3.7279118000005838,0.0,0.0,0.0,4.5396041478456714e-05,0.00023934685915357474,-0.0005403140616638394
3.780059299999266,0.0,0.0,0.0,-4.828441226526915e-05,-0.0003090574087757391,-0.0005080803573957103
3.8309501000003365,0.0,0.0,0.0,-2.0326808301854548e-05,0.00028394010729369985,-0.0006765583288624376
3.879860400000325,0.0,0.0,0.0,7.817293974631738e-07,0.0007036097845899746,-0.000623365596307778
3.9320813000013004,0.0,0.0,0.0,6.180734317653313e-05,-0.0007791393123425627,-0.0005831606970097706
3.9797909000008076,0.0,0.0,0.0,-4.508827427725468e-05,-0.00016568396433198202,-0.0005576178862417028
4.030912300000637,0.0,0.0,0.0,-2.7384185570377436e-06,0.0005883819775227575,-0.0002672886166310466
4.0773504999997385,0.0,0.0,0.0,4.785144200901409e-05,0.0010618573593851176,-0.0004690743111111898
4.12921180000194,0.0,0.0,0.0,-7.46448229213884e-05,-0.0013191450558633444,-0.00023026180854238137
4.180130400000053,0.0,0.0,0.0,-2.8459744304384723e-05,-0.0004093677576210218,-0.00010567289393193692
4.229933999999048,0.0,0.0,0.0,3.0550320105493514e-05,4.6184193534439204e-05,-0.00012235761022733787
4.28522779999912,0.0,0.0,0.0,-9.661052108323446e-06,0.0007479310674230663,-0.00013964978598008228
4.327759299998434,0.0,0.0,0.0,5.75647711671961e-05,-0.0006457779560828039,-4.68288172268931e-05
4.379540099998849,0.0,0.0,0.0,-1.0521192958562953e-05,0.0003978263601966755,-0.00020178595042302132
4.435603599999013,0.0,0.0,0.0,2.8406942613806503e-05,8.617183080815662e-05,-0.000131471562534886
4.480485000000044,0.0,0.0,0.0,-4.724230231572801e-05,0.00012473680367053742,-0.00042509365048728646
4.529809899999236,0.0,0.0,0.0,-1.2334767237083064e-05,0.00013363888347431494,-0.00046989555371500566
4.577318200001173,0.0,0.0,0.0,-2.2382836763097903e-06,-0.00023710900691205735,-0.00043687427678758636
4.628261099998781,0.0,0.0,0.0,-8.432054836271046e-05,-0.0008516249596703918,-0.0003952279325622727
4.680600499999855,0.0,0.0,0.0,7.039636302043764e-05,0.0005554431439280614,-0.0008070236477444091
4.729010899998684,0.0,0.0,0.0,4.932277073562822e-05,0.0011143082548573714,-0.0002725046373338762
4.778136500000983,0.0,0.0,0.0,2.126258304370857e-06,-0.00032928271268043205,-0.00023292280639378507
4.829124600000796,0.0,0.0,0.0,3.949064766097062e-05,-0.0009153837910108349,-0.0006212921764027917
4.878643000000011,0.0,0.0,0.0,-1.4858495088166741e-05,0.0001741553578062304,-0.0006493197890398127
4.927405499998713,0.0,0.0,0.0,-5.774891466179996e-05,-0.0001975743040589308,-0.00045411498615293696
4.985908800001198,0.0,0.0,0.0,6.07565145988684e-06,0.0003569860227833505,7.288625619993833e-05
5.02838999999949,0.0,0.0,0.0,-4.048875624988349e-05,0.0001727946932661412,-0.00017852497879012794
5.078450299999531,0.0,0.0,0.0,-3.647365529918082e-05,-0.0003834500601070244,-7.638050658878882e-05
5.137748100001772,0.0,0.0,0.0,-4.309120933386408e-05,0.00045402027743414463,-0.0002138864327109669
5.17943920000107,0.0,0.0,0.0,0.00015651823432677342,-0.0006802633177971924,-0.0006533941722498596
5.231004000001121,0.0,0.0,0.0,6.889333477978542e-05,0.00032822671492414835,-0.0007610533647953901
5.2792588000011165,0.0,0.0,0.0,-8.953052011915854e-05,-0.0003731234549160388,-0.000669385865453766
5.329119400001218,0.0,0.0,0.0,8.548536666136247e-06,0.000755750228433356,-0.0005986342211652836
5.379180100000667,0.0,0.0,0.0,-0.00013349694975785343,-0.0009599932212452627,-0.00026529232957950635
5.428078100001585,0.0,0.0,0.0,-2.426882346689489e-05,-0.00013836001646834616,-0.0004581240723057936
5.477481900001294,0.0,0.0,0.0,9.351800070179525e-05,0.0005534045178729989,-0.0004908284339744322
5.53032919999896,0.0,0.0,0.0,-1.8595877510257475e-05,-0.00036794831285655413,-0.0005480980437502891
5.5801778999993985,0.0,0.0,0.0,2.3659421653508856e-05,0.0009220806557181631,-0.00038422993007422037
5.6302284999983385,0.0,0.0,0.0,-9.903950020094863e-05,-3.7956335530077904e-05,-0.00034706828473528376
5.6813218999996025,0.0,0.0,0.0,0.0002244592682494094,0.0005212250902856428,-0.0004168782995427733
5.73304300000018,0.0,0.0,0.0,-7.505668235965799e-05,-0.0006193078638495421,-0.000432165655565888
5.7816015999997035,0.0,0.0,0.0,-1.3397283235442987e-05,8.03608151993298e-05,-0.0004200132139518885
5.831558800000494,0.0,0.0,0.0,1.2465227776784766e-05,0.00022459034926318954,-0.0005044159524830981
5.879085100001248,0.0,0.0,0.0,-8.616889280621613e-05,-0.0001780713301997564,-0.0004099052657514442
5.932924299999286,0.0,0.0,0.0,5.073071769320143e-05,-0.000734843588410677,-0.0004648016567939274
5.98765210000056,0.0,0.0,0.0,7.583155044864748e-05,0.00034902713311930986,-0.0004603006384449421
6.032412100001238,0.0,0.0,0.0,-0.0001166633166061117,-0.0003433016671600972,-0.00042192222078571813
6.085313600000518,0.0,0.0,0.0,5.5045948555209476e-05,-0.0002483699352234332,0.00012015348693985501
6.132684399999562,0.0,0.0,0.0,-2.823601047055871e-05,0.001230884019936541,-0.00034518088593973097
6.18570439999894,0.0,0.0,0.0,1.9952404252936205e-05,-1.768406654542146e-05,-0.0004101482718465873
6.233754799999588,0.0,0.0,0.0,-3.4741117889009473e-06,-0.0010458333257400746,-0.00030680651583632403
6.2796903000016755,0.0,0.0,0.0,5.520150130165954e-05,0.0007359880731414927,-0.000422883587465882
6.330788300001586,0.0,0.0,0.0,-3.353338489625833e-05,-0.00016383549311016395,-0.0004797916136838078
6.385012899998401,0.0,0.0,0.0,-5.051449387101988e-05,-0.000506820827144406,-0.00042593079977856286
6.430257200001506,0.0,0.0,0.0,0.00014470166305770223,0.00020337395087263266,-0.00029825076860225716
6.479385300001013,0.0,0.0,0.0,-5.745957689783065e-05,0.000363228672045157,-0.00026064821403738947
6.5299034000017855,0.0,0.0,0.0,-5.714254692717058e-05,-0.0001483589921975546,-0.00029894107852732364
6.579667000001791,0.0,0.0,0.0,-7.0285593048206315e-06,-0.00023536633815471293,-0.00011047940047784359
6.627548899999965,0.0,0.0,0.0,-1.5708677708991274e-05,2.3003415298062632e-05,-0.00016481397204530168
6.680261400000745,0.0,0.0,0.0,3.372130356765688e-05,0.0005074759183883075,-0.00027574054670206406
6.730874000000767,0.0,0.0,0.0,5.430324018990834e-06,0.0006021798947806092,-0.0005545276088941875
6.779462400001648,0.0,0.0,0.0,-7.224092500126863e-06,-0.0007203801519744601,-0.0006962197368134065
6.8328051999997115,0.0,0.0,0.0,-5.0298175158234744e-05,-0.00041571609326930455,-0.0006664257030562981
6.879759999999806,0.0,0.0,0.0,4.8285022427827185e-06,-0.0003168466437744322,-0.00048369673302726393
6.927709999999934,0.0,0.0,0.0,9.27305638059975e-05,0.0005558630336754872,-0.0002430298978584477
6.978003600001102,0.0,0.0,0.0,-5.965065277165808e-05,0.00044728869308469554,-0.00026847867200351176
7.0305200000002515,0.0,0.0,0.0,-8.692519315036766e-05,-0.000770095158009916,-0.0001332716960976415
7.077287600001,0.0,0.0,0.0,6.304365436291425e-05,-0.0006156967628595932,-0.0004047359432921366
7.138578099998995,0.0,0.0,0.0,-1.4649850747552878e-05,0.0006017332767316257,-0.0003015196139673621
7.179645000000164,0.0,0.0,0.0,-3.1962764766874614e-05,-0.00036376244696610844,-0.00021211863092302212
7.232958000000508,0.0,0.0,0.0,1.1506089368603287e-05,0.00015968788302528586,-0.00025395840636153604
7.285790300000372,0.0,0.0,0.0,7.637583821135707e-06,0.000700017252546037,-5.665949620874464e-05
7.329314099999465,0.0,0.0,0.0,-4.042996626551162e-05,-0.0007297537956096717,-0.0003523981277434444
7.37961820000055,0.0,0.0,0.0,5.6333972718899776e-05,0.00034491046006053863,-0.000493816175922264
7.435380700000678,0.0,0.0,0.0,3.023092753496903e-05,0.0008449278926409977,-0.0005347864658170559
7.490139400000771,0.0,0.0,0.0,-5.384327141683214e-05,-0.0007484293727071512,-0.00041354277103979346
7.537365600001067,0.0,0.0,0.0,2.842386870626518e-05,-0.00010785984839152252,-0.0007680107889861615
7.587045100000978,0.0,0.0,0.0,0.0001390088038277171,0.00039837801216669946,-0.0005934028674756341
7.637430599999789,0.0,0.0,0.0,5.450940918691423e-06,0.0008536531321111686,-0.000648750243297201
7.687249400001747,0.0,0.0,0.0,-6.661162987687986e-05,-0.0005256894086308894,-0.0006357485179368452
7.741031000001385,0.0,0.0,0.0,-6.95475844357886e-05,-0.0007816232618340392,-0.0004610484683752446
7.787264999999024,0.0,0.0,0.0,6.744592755861973e-05,3.0017695070400258e-05,-0.0005953689064855089
7.837939299999562,0.0,0.0,0.0,-0.00010679912187661849,-3.0471017195755474e-05,-0.00032863734310619445
7.893266999999469,0.0,0.0,0.0,6.554977996932661e-05,0.00019004051478945088,-0.00010670302430216232
7.9390013000011095,0.0,0.0,0.0,-1.101683416613625e-06,9.958532903286672e-05,-0.0001642866003327146
7.9811355999991065,0.0,0.0,0.0,0.0001422053843640673,0.0010627176351372843,-0.0001068484779260347
8.02997840000171,0.0,0.0,0.0,-0.00011893845955617053,-0.0008593540579247312,-0.00017753767929030547
32.8827526999994,0.0,0.0,0.0,-3.439861044708921e-05,-0.0005705645324207368,-0.00017529131548640038
32.903258400001505,0.0,0.0,0.0,-3.271907894580792e-05,2.173582127569557e-05,-0.000268991030065097
32.95125800000096,0.0,0.0,0.0,-1.0339494777709536e-05,-0.0004716286843790422,-0.00034050724348692093
33.00225320000027,0.0,0.0,0.0,3.095786012210931e-05,0.00043725028695178636,-0.0001737720820855442
33.05213469999944,0.0,0.0,0.0,1.7397375048977117e-06,-0.00017700904018983372,-0.0001339102581594967
33.10395559999961,0.0,0.0,0.0,-1.4436365042968262e-05,0.001401629923695893,-0.0001474543804580039
33.152150599999004,0.0,0.0,0.0,-9.541268144003323e-06,-0.00043294024986012563,-8.148244498513867e-05
33.202049700001226,0.0,0.0,0.0,0.00013707625730250268,-0.00015317055276470497,-0.000163834305603275
33.25243709999995,0.0,0.0,0.0,-8.774869342061547e-05,-7.550318857373533e-05,-0.0001404359595291973
33.30203619999884,0.0,0.0,0.0,-5.4679793016259855e-06,-0.0002578967998193141,-0.00014667346145327435
33.350057700001344,0.0,0.0,0.0,-7.831202293056771e-05,5.421886136338687e-05,-0.00019067722404410355
33.4094628999992,0.0,0.0,0.0,6.0826915084069124e-05,-6.98783487661984e-05,-0.00043909358618973135
33.45850910000081,0.0,0.0,0.0,0.00010071923764686454,0.00017909143504194633,-0.0003970079608184492
33.51088779999918,0.0,0.0,0.0,-0.00012011559248361183,-0.00010431400030500029,-0.00039553129813248237
33.5594216999998,0.0,0.0,0.0,-5.812318507931924e-05,-0.00010371014487650074,-0.0003938335712079083
33.60931250000067,0.0,0.0,0.0,6.146065478725957e-05,-0.00022155366142557507,-0.0002842185749513261
33.65863639999952,0.0,0.0,0.0,-4.4931174334153335e-05,0.00026550753119477605,-8.595916307821977e-05
33.71101429999908,0.0,0.0,0.0,7.294876530697259e-05,-0.00013366407229408448,-0.00048245619195135117
33.75977749999947,0.0,0.0,0.0,-7.340672015865341e-08,0.0010128945457363648,-0.0003106017019650989
33.80792880000081,0.0,0.0,0.0,3.269277672586546e-05,-0.0010021718134211282,-0.0005999544603130269
33.85889930000121,0.0,0.0,0.0,-6.151773097313022e-05,3.943774954880783e-05,-0.000368741893033723
33.91016279999894,0.0,0.0,0.0,0.00010317457282879456,0.00032133014082209974,-0.00020084073454727927
33.96107520000078,0.0,0.0,0.0,-0.00013036729179581553,0.00020890317567288466,-0.0002765641459848482
34.00961349999852,0.0,0.0,0.0,7.329254736486748e-05,0.00019838616637971352,-0.0003196060756452694
34.05907920000027,0.0,0.0,0.0,-0.00021542792495170585,0.0005906918301397781,-0.00027048129833107814
34.10767080000005,0.0,0.0,0.0,-0.00017819807787409966,0.0004346148459533904,-0.00016740742698480112
34.16153800000029,0.0,0.0,0.0,-1.813388532710619e-05,-3.938542145853684e-05,-0.00018164281398336404
34.206849400001374,0.0,0.0,0.0,-1.8070984893533114e-06,-9.102540502307488e-06,-0.0001843994787127122
34.25866700000188,0.0,0.0,0.0,-6.391002272299107e-07,2.680020218832044e-06,-0.0001849214730564912
34.310589400000026,0.0,0.0,0.0,-5.488164471821347e-07,-7.29375827027405e-08,-0.0001850181648818218
34.36055209999904,0.0,0.0,0.0,-5.365573954266511e-07,-1.0106144855001786e-07,-0.00018503688498038592
34.40981610000017,0.0,0.0,0.0,-5.333611461419852e-07,8.072487903820128e-09,-0.00018504392022735002
34.45777430000089,0.0,0.0,0.0,-5.329852053597812e-07,-5.179218819668025e-09,-0.00018505726608899497
34.50774620000084,0.0,0.0,0.0,-5.329086325815054e-07,-6.895352194372032e-09,-0.0001850734713539758
34.558911799998896,0.0,0.0,0.0,-5.32911116397943e-07,-5.977880319942886e-09,-0.00018509033426189055
34.61106220000147,0.0,0.0,0.0,-5.329480895505995e-07,-5.913107349032436e-09,-0.00018510732079061282
34.659510800000135,0.0,0.0,0.0,-5.329897019312615e-07,-5.831312492272975e-09,-0.00018512431071606727
34.709866500001226,0.0,0.0,0.0,-5.330311968579301e-07,-5.720131802549391e-09,-0.00018514128959445795
34.759105699999054,0.0,0.0,0.0,-5.330725156451199e-07,-5.613145015117654e-09,-0.00018515826130294593
34.80987390000155,0.0,0.0,0.0,-5.331137262446899e-07,-5.506474923913951e-09,-0.0001851752280791085
34.860610700001416,0.0,0.0,0.0,-5.33154932948206e-07,-5.399768078179811e-09,-0.00018519219060874177
34.90917030000128,0.0,0.0,0.0,-5.331960692987103e-07,-5.293070567970109e-09,-0.00018520914909655068
34.95918050000182,0.0,0.0,0.0,-5.33237212878753e-07,-5.1865047336209335e-09,-0.00018522610364237014
35.01153780000095,0.0,0.0,0.0,-5.332783162684241e-07,-5.079897052168159e-09,-0.00018524305431555276
35.05962809999983,0.0,0.0,0.0,-5.333194836861472e-07,-4.973481254510434e-09,-0.00018526000102189776
35.108902600000874,0.0,0.0,0.0,-5.333606147625584e-07,-4.867174885128534e-09,-0.00018527694364949495
35.16026540000166,0.0,0.0,0.0,-5.334017496278151e-07,-4.760964829885699e-09,-0.000185293882194784
35.21025930000178,0.0,0.0,0.0,-5.334428585597557e-07,-4.65492852358368e-09,-0.00018531081674359143
35.258094699998765,0.0,0.0,0.0,-5.334839587551624e-07,-4.5487730824298785e-09,-0.00018532774720815684
35.30888359999881,0.0,0.0,0.0,-5.335250844149145e-07,-4.442851517236134e-09,-0.0001853446737207715
35.359790300000896,0.0,0.0,0.0,-5.33566168097503e-07,-4.336977196936257e-09,-0.00018536159616100147
35.4090314999994,0.0,0.0,0.0,-5.336072848495264e-07,-4.2312571531440656e-09,-0.00018537851440447126
35.460801100001845,0.0,0.0,0.0,-5.336483707501045e-07,-4.125615379576237e-09,-0.00018539542863019466
35.50779980000152,0.0,0.0,0.0,-5.336894374062124e-07,-4.019996633983149e-09,-0.00018541233870678263
35.558579000000464,0.0,0.0,0.0,-5.337305048013568e-07,-3.914462952089989e-09,-0.0001854292448067199
35.61102640000172,0.0,0.0,0.0,-5.337715723483313e-07,-3.809034428116083e-09,-0.00018544614677185294
35.661967700001696,0.0,0.0,0.0,-5.338126680193053e-07,-3.703811251754494e-09,-0.00018546304454910767
35.70869609999863,0.0,0.0,0.0,-5.338537237033944e-07,-3.598628922655054e-09,-0.00018547993804204316
35.76030620000165,0.0,0.0,0.0,-5.338947670842442e-07,-3.4935094598994e-09,-0.00018549682746348147
35.807398799999646,0.0,0.0,0.0,-5.339357830557008e-07,-3.3884129565219647e-09,-0.0001855137127755035
35.85968009999851,0.0,0.0,0.0,-5.339768122018299e-07,-3.2834283030338367e-09,-0.00018553059399556014
35.9086137000013,0.0,0.0,0.0,-5.340178548596877e-07,-3.178571294493382e-09,-0.00018554747093890288
35.958246000001964,0.0,0.0,0.0,-5.34058882479598e-07,-3.0738439038908986e-09,-0.0001855643437196124
36.008419400001,0.0,0.0,0.0,-5.340999001019764e-07,-2.9692374566545204e-09,-0.00018558121217351545
36.060721199999534,0.0,0.0,0.0,-5.341408947782176e-07,-2.864614035792203e-09,-0.0001855980764908462
36.1073948000012,0.0,0.0,0.0,-5.341818929993246e-07,-2.7600314582689553e-09,-0.0001856149366235352
36.158713400000124,0.0,0.0,0.0,-5.342228821706151e-07,-2.6556764054467752e-09,-0.0001856317924798233
36.209416099998634,0.0,0.0,0.0,-5.342638693178698e-07,-2.5513112319256143e-09,-0.00018564864406934504
36.25793429999976,0.0,0.0,0.0,-5.343048385273317e-07,-2.4471424109049386e-09,-0.00018566549138637124
36.30925030000071,0.0,0.0,0.0,-5.343458131555831e-07,-2.342970260226704e-09,-0.0001856823343677176
36.35769459999938,0.0,0.0,0.0,-5.343867589300161e-07,-2.2389344276163785e-09,-0.00018569917310474454
36.41036240000176,0.0,0.0,0.0,-5.344277185631008e-07,-2.1348351569518696e-09,-0.00018571600766783218
36.45635119999861,0.0,0.0,0.0,-5.344686769170513e-07,-2.031116863506157e-09,-0.00018573283773756912
36.51001969999925,0.0,0.0,0.0,-5.345096300807908e-07,-1.9273152582013267e-09,-0.0001857496634838678
36.5568987000006,0.0,0.0,0.0,-5.345505337726895e-07,-1.8235944592145183e-09,-0.00018576648490354296
36.60850330000176,0.0,0.0,0.0,-5.345914649309848e-07,-1.7199503777562991e-09,-0.00018578330199696546
36.658789299999626,0.0,0.0,0.0,-5.346323573003841e-07,-1.6164116358726823e-09,-0.00018580011472393013
36.70969210000112,0.0,0.0,0.0,-5.346732988441722e-07,-1.5130030975905385e-09,-0.00018581692298135153
36.759038500000315,0.0,0.0,0.0,-5.34714179398423e-07,-1.4097088023054873e-09,-0.0001858337268067389
36.81043270000009,0.0,0.0,0.0,-5.347550546416349e-07,-1.3063332458532735e-09,-0.0001858505264186785
36.85658930000136,0.0,0.0,0.0,-5.34795929729297e-07,-1.2031877040332052e-09,-0.00018586732154626307
36.90996520000044,0.0,0.0,0.0,-5.34836800237229e-07,-1.1000588544118407e-09,-0.00018588411225878404
36.95806209999864,0.0,0.0,0.0,-5.348776721080924e-07,-9.970735152187481e-10,-0.0001859008984049441
37.008104399999866,0.0,0.0,0.0,-5.349185280513033e-07,-8.942247882415995e-10,-0.00018591768008382827
37.06028349999906,0.0,0.0,0.0,-5.349593681672387e-07,-7.913528716203618e-10,-0.00018593445726648635
37.105877599999076,0.0,0.0,0.0,-5.350001884544976e-07,-6.88559790629197e-10,-0.00018595123003839784
37.16085920000114,0.0,0.0,0.0,-5.350410161178453e-07,-5.858634426025983e-10,-0.00018596799832595596
37.20964699999968,0.0,0.0,0.0,-5.350818542540128e-07,-4.833974157394906e-10,-0.00018598476195386777
37.25745839999945,0.0,0.0,0.0,-5.351226633200354e-07,-3.809081415074889e-10,-0.000186001521029219
37.30771180000011,0.0,0.0,0.0,-5.351634414751478e-07,-2.78444337229438e-10,-0.0001860182757202481
37.360700400000496,0.0,0.0,0.0,-5.352042441605466e-07,-1.7611746275635754e-10,-0.00018603502583625369
37.40717479999876,0.0,0.0,0.0,-5.352450024891791e-07,-7.384056619279493e-11,-0.00018605177145215504
37.458968599999935,0.0,0.0,0.0,-5.35285805710722e-07,2.823690001059091e-11,-0.0001860685122673884
37.51226830000087,0.0,0.0,0.0,-5.353265478885122e-07,1.3027102706669184e-10,-0.0001860852485059435
37.56011900000158,0.0,0.0,0.0,-5.353672986522134e-07,2.323170068393484e-10,-0.00018610198014433772
37.607880799998384,0.0,0.0,0.0,-5.35408024867688e-07,3.3423731276957733e-10,-0.00018611870714987062
37.65995870000188,0.0,0.0,0.0,-5.354487529119377e-07,4.360452641861431e-10,-0.0001861354296381767
37.70824029999858,0.0,0.0,0.0,-5.35489483019308e-07,5.37747116476349e-10,-0.00018615214727296138
37.75945249999859,0.0,0.0,0.0,-5.355302020382887e-07,6.393541943418236e-10,-0.0001861688601810162
37.80866370000149,0.0,0.0,0.0,-5.355708845321062e-07,7.40957927090772e-10,-0.00018618556859749754
37.85816530000011,0.0,0.0,0.0,-5.356115641334831e-07,8.424690277991687e-10,-0.0001862022722625178
37.90758619999906,0.0,0.0,0.0,-5.356522527935872e-07,9.438896667898776e-10,-0.00018621897117276432
37.95768070000122,0.0,0.0,0.0,-5.356929539565779e-07,1.0450732325292242e-09,-0.00018623566527558905
38.01016230000096,0.0,0.0,0.0,-5.357335978132126e-07,1.146337565503753e-09,-0.0001862523546193189
38.05686810000043,0.0,0.0,0.0,-5.357742262439865e-07,1.2475005336302548e-09,-0.00018626903927079425
38.10895050000181,0.0,0.0,0.0,-5.358148616548107e-07,1.3486219388310313e-09,-0.00018628571920441177
38.15942290000021,0.0,0.0,0.0,-5.358554862796355e-07,1.449561736813437e-09,-0.00018630239421598945
38.21153889999914,0.0,0.0,0.0,-5.358961263653157e-07,1.5504331651374943e-09,-0.00018631906439789552
38.2594351000007,0.0,0.0,0.0,-5.35936718133108e-07,1.65124546444198e-09,-0.0001863357298426614
38.30915539999842,0.0,0.0,0.0,-5.359773019631367e-07,1.7520138194822233e-09,-0.0001863523903778336
38.359116799998446,0.0,0.0,0.0,-5.360178642973151e-07,1.852680740082782e-09,-0.00018636904613501197
38.41005139999834,0.0,0.0,0.0,-5.36058454941184e-07,1.9532345683618037e-09,-0.00018638569685704173
38.45708300000115,0.0,0.0,0.0,-1.5365806908880351e-06,1.0251489129455801e-08,-0.00018629635380202868
38.50817850000021,0.0,0.0,0.0,2.3960216457418036e-07,-1.403255525651371e-07,-0.00018945835417846308
38.55735780000032,0.0,0.0,0.0,-1.1746604514559438e-06,2.5720391004345386e-06,-0.00018238630496722567
38.61018989999866,0.0,0.0,0.0,-3.331537621690687e-07,-4.3982419490833743e-07,-0.00016714301481880492
38.66089400000055,0.0,0.0,0.0,-2.4702149677447973e-07,2.45904313333965e-07,-0.00016556548369702244
38.70902760000172,0.0,0.0,0.0,-6.228256274903489e-08,9.465800217653429e-08,-0.00016718380295418863
38.75717280000026,0.0,0.0,0.0,-4.2321729787961967e-07,1.3812567457072215e-08,-0.0001679467090548678
38.81046369999967,0.0,0.0,0.0,-4.551336279858405e-07,8.717195923812527e-09,-0.00016798311575608548
38.857914000000164,0.0,0.0,0.0,-4.538148721486757e-07,2.0931055756760178e-08,-0.00016795479093377523
38.90736630000174,0.0,0.0,0.0,-4.528196998632912e-07,2.1435304773310942e-08,-0.00016795521271756894
38.957789899999625,0.0,0.0,0.0,-4.5293835766674686e-07,2.0662465318990162e-08,-0.0001679690859675718
39.00592920000054,0.0,0.0,0.0,-4.531604676172149e-07,2.0504530145750802e-08,-0.0001679842180027098
39.06304539999837,0.0,0.0,0.0,-4.5328241871317424e-07,2.0544202927718675e-08,-0.00016799816449606004
39.10734410000077,0.0,0.0,0.0,-4.5335546341017447e-07,2.0614839655035127e-08,-0.00016801130913569667
39.15644940000129,0.0,0.0,0.0,-4.5341974422596575e-07,2.067722914507724e-08,-0.0001680240361270845
39.20890309999959,0.0,0.0,0.0,-4.534845143426549e-07,2.0731457397973546e-08,-0.0001680364521542859
39.26021000000037,0.0,0.0,0.0,-4.535489898627868e-07,2.0782550469177277e-08,-0.00016804857011466727
39.30952400000024,0.0,0.0,0.0,-4.536122783801756e-07,2.083233631468617e-08,-0.00016806039467764561
39.357434500001546,0.0,0.0,0.0,-4.536740816622342e-07,2.0880925934995876e-08,-0.00016807193582091062
39.40710400000171,0.0,0.0,0.0,-4.537344985209345e-07,2.0928361167098097e-08,-0.00016808320640541478
39.45728220000092,0.0,0.0,0.0,-4.5379357428747455e-07,2.097455397468693e-08,-0.00016809421826276835
39.51132770000186,0.0,0.0,0.0,-4.538513902594452e-07,2.1019742202523628e-08,-0.00016810498288716657
39.55774949999977,0.0,0.0,0.0,-4.5390805274678034e-07,2.1063953916296794e-08,-0.00016811550918015985
39.607161500000075,0.0,0.0,0.0,-4.539635216924433e-07,2.1107325683325268e-08,-0.0001681258070463942
39.66025470000022,0.0,0.0,0.0,-4.5401793870054376e-07,2.1149742802080983e-08,-0.00016813588500037667
39.70960660000128,0.0,0.0,0.0,-4.540713101597387e-07,2.119135479143428e-08,-0.00016814575097836358
39.75818699999945,0.0,0.0,0.0,-4.541236204383337e-07,2.1232275340789243e-08,-0.0001681554126598688
39.80846759999986,0.0,0.0,0.0,-4.5417500908578417e-07,2.1272540543669848e-08,-0.00016816487647755053
39.85826290000114,0.0,0.0,0.0,-4.542254564500374e-07,2.1312111403374667e-08,-0.00016817414869718384
39.909286000001885,0.0,0.0,0.0,-4.542749964457661e-07,2.1351124574933738e-08,-0.00016818323587664314
39.95899060000011,0.0,0.0,0.0,-4.54323625293906e-07,2.138946098706157e-08,-0.00016819214428144175
40.00854310000068,0.0,0.0,0.0,-4.5437140035675424e-07,2.1427251696043234e-08,-0.00016820087959227455
40.057881100001396,0.0,0.0,0.0,-4.544183886355114e-07,2.146460174679491e-08,-0.0001682094462647945
40.10676339999918,0.0,0.0,0.0,-4.544646186994464e-07,2.150143029903808e-08,-0.000168217849210289
40.16169340000124,0.0,0.0,0.0,-4.545100069274253e-07,2.1537670400557687e-08,-0.00016822609330994668
40.2081356000017,0.0,0.0,0.0,-4.5455465072001685e-07,2.1573523936876166e-08,-0.00016823418429228246
40.25853719999941,0.0,0.0,0.0,-4.5459861479317294e-07,2.160894817052343e-08,-0.00016824212556440277
40.311082299998816,0.0,0.0,0.0,-4.546418540046761e-07,2.1643995962016128e-08,-0.00016824992030358945
40.36044789999869,0.0,0.0,0.0,-4.546844156243732e-07,2.167873434290728e-08,-0.00016825757269176716
40.40926549999858,0.0,0.0,0.0,-4.547263021185591e-07,2.17129279799868e-08,-0.00016826508643459574
40.45639149999988,0.0,0.0,0.0,-4.5476756623493263e-07,2.1746856216975182e-08,-0.00016827246500182656
40.50793930000145,0.0,0.0,0.0,-4.5480815874924355e-07,2.178038533282494e-08,-0.0001682797114911997
40.55865569999878,0.0,0.0,0.0,-4.5484809084296913e-07,2.181376481963234e-08,-0.00016828683027258822
40.607556200000545,0.0,0.0,0.0,-4.5488756165037886e-07,2.1846710872576858e-08,-0.0001682938224127409
40.65780399999858,0.0,0.0,0.0,-4.5492636376931307e-07,2.187935445153048e-08,-0.0001683006907772746
40.70674280000094,0.0,0.0,0.0,-4.549645340428085e-07,2.191174325524549e-08,-0.00016830744002776352
40.75986510000075,0.0,0.0,0.0,-4.5500221377097947e-07,2.194383867305045e-08,-0.00016831407183249137
40.80583420000039,0.0,0.0,0.0,-4.5503933760083483e-07,2.1975703764285662e-08,-0.00016832058849970428
40.857694999998785,0.0,0.0,0.0,-4.5507596361916143e-07,2.200723878727652e-08,-0.00016832699221376292
40.908861399999296,0.0,0.0,0.0,-4.5511201622034097e-07,2.2038516078283047e-08,-0.00016833328562494622
40.959060500001215,0.0,0.0,0.0,-4.5514754889957667e-07,2.2069634045911116e-08,-0.00016833947127579973
41.009610500001145,0.0,0.0,0.0,-4.5518258720343e-07,2.2100541070302318e-08,-0.00016834555071066563
41.05898750000051,0.0,0.0,0.0,-4.5521716517192874e-07,2.213124666769882e-08,-0.00016835152637388238
41.108253200000036,0.0,0.0,0.0,-4.552512063541444e-07,2.2161622910404166e-08,-0.00016835740051355876
41.160202999999456,0.0,0.0,0.0,-4.552848515248587e-07,2.2191813026862642e-08,-0.00016836317459903338
41.20808820000093,0.0,0.0,0.0,-4.5531795717495066e-07,2.222188241680148e-08,-0.00016836885075642734
41.257834100000764,0.0,0.0,0.0,-4.553506540284397e-07,2.2251818436127144e-08,-0.0001683744300150164
41.310367099998984,0.0,0.0,0.0,-4.553828914732264e-07,2.228150847426128e-08,-0.00016837991455185322
41.357334500000434,0.0,0.0,0.0,-4.5541469047306826e-07,2.231093676867242e-08,-0.00016838530608866034
41.40832020000016,0.0,0.0,0.0,-4.554460449381178e-07,2.2340256740243992e-08,-0.00016839060658920292
41.457409599999664,0.0,0.0,0.0,-4.5547698338114716e-07,2.2369416022433135e-08,-0.0001683958169947065
41.50785879999967,0.0,0.0,0.0,-4.555075416796858e-07,2.239845659088906e-08,-0.00016840093897788197
41.55532510000194,0.0,0.0,0.0,-4.5553767148787757e-07,2.2427147420556874e-08,-0.00016840597420062162
41.60842689999845,0.0,0.0,0.0,-4.555673799800011e-07,2.2455823700741185e-08,-0.00016841092441207935
41.658309200000076,0.0,0.0,0.0,-4.555967258280898e-07,2.248441885996408e-08,-0.00016841578987238578
41.70945660000143,0.0,0.0,0.0,-4.556256201931621e-07,2.251272283475444e-08,-0.0001684205727709318
41.758267199998954,0.0,0.0,0.0,-4.5565419400082067e-07,2.254101924488422e-08,-0.00016842527497790762
41.810829199999716,0.0,0.0,0.0,-4.5568239174117697e-07,2.2569008264067148e-08,-0.00016842989621888133
41.856972000001406,0.0,0.0,0.0,-4.557101903980919e-07,2.2597092150996315e-08,-0.00016843443851598792
41.91029999999955,0.0,0.0,0.0,-4.557376287026816e-07,2.2624922732398702e-08,-0.00016843890240780286
41.958664400001,0.0,0.0,0.0,-4.557647422752825e-07,2.2652783393903657e-08,-0.00016844328911475015
42.007442099999025,0.0,0.0,0.0,-4.5579148097719613e-07,2.2680289172591005e-08,-0.00016844759965139975
42.057971800000814,0.0,0.0,0.0,-4.5581783920327664e-07,2.2707731193661984e-08,-0.00016845183602177385
42.107410900000104,0.0,0.0,0.0,-4.558438952580788e-07,2.2735109352228784e-08,-0.00016845599841646265
42.15686750000168,0.0,0.0,0.0,-4.558695753004752e-07,2.2762458838207025e-08,-0.0001684600881419202
42.20969600000171,0.0,0.0,0.0,-4.558949752516289e-07,2.278955807099345e-08,-0.00016846410588282319
42.259356300000945,0.0,0.0,0.0,-4.5591998889970223e-07,2.2816504714992117e-08,-0.00016846805311166439
42.30846699999893,0.0,0.0,0.0,-4.5594468235135957e-07,2.284358130992433e-08,-0.00016847193045776924
42.35919859999922,0.0,0.0,0.0,-4.559690802212952e-07,2.2870530184647878e-08,-0.0001684757379830957
42.40837250000186,0.0,0.0,0.0,-4.5599312513114717e-07,2.28973538052222e-08,-0.00016847947747527226
42.45851910000056,0.0,0.0,0.0,-4.560169161733379e-07,2.292387040966573e-08,-0.00016848314959303553
42.513480900001014,0.0,0.0,0.0,-4.5604033272384327e-07,2.2950468428250475e-08,-0.00016848675554499994
42.55661540000074,0.0,0.0,0.0,-4.560634777287732e-07,2.2976923631682318e-08,-0.00016849029580331116
42.609601200001634,0.0,0.0,0.0,-4.560863091207948e-07,2.3003417107986333e-08,-0.00016849377115810168
42.657047100001364,0.0,0.0,0.0,-4.561088715027657e-07,2.302967135400099e-08,-0.0001684971818870503
42.71007399999871,0.0,0.0,0.0,-4.5613110231691264e-07,2.3055879746102655e-08,-0.0001685005297263854
42.7573967999997,0.0,0.0,0.0,-4.5615306999519127e-07,2.3081999513887978e-08,-0.00016850381445044748
42.80780389999927,0.0,0.0,0.0,-4.5617471605954985e-07,2.3108090318508515e-08,-0.0001685070373889483
42.8600766999989,0.0,0.0,0.0,-4.5619613165471953e-07,2.3134207409317363e-08,-0.0001685101987410626
42.90926709999985,0.0,0.0,0.0,-4.5621722075868965e-07,2.3160021116725392e-08,-0.0001685132990747641
42.958521600001404,0.0,0.0,0.0,-4.562380786019749e-07,2.3185895824323716e-08,-0.00016851633892229448
43.00847870000143,0.0,0.0,0.0,-4.562585821493287e-07,2.321174715540392e-08,-0.000168519319700544
43.05970890000026,0.0,0.0,0.0,-4.562788584989128e-07,2.323748163181088e-08,-0.00016852224165086636
43.10732650000136,0.0,0.0,0.0,-4.5629887078917817e-07,2.326308237273489e-08,-0.00016852510540412945
43.15725590000147,0.0,0.0,0.0,-4.563186297421616e-07,2.328859218214188e-08,-0.00016852791149728398
43.206943900000624,0.0,0.0,0.0,-4.563380659386387e-07,2.3314218899429508e-08,-0.00016853066076097034
43.25861250000162,0.0,0.0,0.0,-4.5635733762642726e-07,2.3339792304221193e-08,-0.0001685333525629112
43.30777250000028,0.0,0.0,0.0,-4.56376288239882e-07,2.3365120988147925e-08,-0.00016853598782178177
43.35992519999854,0.0,0.0,0.0,-4.5639496255655245e-07,2.33904663426002e-08,-0.0001685385679937611
43.408350199999404,0.0,0.0,0.0,-4.564133932000842e-07,2.3415775387212122e-08,-0.00016854109344920475
43.45878559999983,0.0,0.0,0.0,-4.5643156648078393e-07,2.3441055657169763e-08,-0.00016854356489350624
43.50857480000195,0.0,0.0,0.0,-4.5644952946065704e-07,2.3466248963889357e-08,-0.00016854598207695798
43.55770470000061,0.0,0.0,0.0,-4.5646722523359676e-07,2.3491373948985083e-08,-0.00016854834554389132
43.608564499998465,0.0,0.0,0.0,-4.564846612457624e-07,2.3516456040652807e-08,-0.0001685506561712513
43.65815250000014,0.0,0.0,0.0,-4.5650186355940975e-07,2.3541551297104713e-08,-0.00016855291440836338
43.70890159999908,0.0,0.0,0.0,-4.565188127982442e-07,2.3566569345900833e-08,-0.00016855512085196914
43.759079100000235,0.0,0.0,0.0,-4.5653558115766274e-07,2.3591518323908326e-08,-0.00016855727508393402
43.80797689999963,0.0,0.0,0.0,-4.565520823588104e-07,2.3616412692052398e-08,-0.00016855937772702212
43.85778489999939,0.0,0.0,0.0,-4.5656832756985903e-07,2.3641326809811998e-08,-0.00016856142974044978
43.90819349999947,0.0,0.0,0.0,-4.565843312145413e-07,2.3666112331454617e-08,-0.00016856343151168884
43.95685550000053,0.0,0.0,0.0,-4.566001306878236e-07,2.369090094124424e-08,-0.00016856538375270078
44.011216499999136,0.0,0.0,0.0,-4.5661567782888655e-07,2.3715644492478618e-08,-0.0001685672868492709
44.0593641000014,0.0,0.0,0.0,-4.566310550444684e-07,2.3740358021181155e-08,-0.00016856914068108514
44.10799970000153,0.0,0.0,0.0,-4.566461737892985e-07,2.376507063877094e-08,-0.00016857094515155388
44.15771440000026,0.0,0.0,0.0,-4.5666107978229264e-07,2.3789740413680403e-08,-0.00016857270060936512
44.20824079999875,0.0,0.0,0.0,-4.566757538104354e-07,2.381429983124686e-08,-0.00016857440807564286
44.25805620000028,0.0,0.0,0.0,-4.566901889857932e-07,2.3838904938065294e-08,-0.0001685760680594462
44.30857620000097,0.0,0.0,0.0,-4.567044030085601e-07,2.386348726109219e-08,-0.00016857768088407156
44.35912879999887,0.0,0.0,0.0,-4.567184729623491e-07,2.3887972921830886e-08,-0.00016857924635880347
44.409681000001,0.0,0.0,0.0,-4.5673224573104675e-07,2.3912454466522588e-08,-0.00016858076518558199
44.460054399998626,0.0,0.0,0.0,-4.5674584623840767e-07,2.393694024932435e-08,-0.0001685822373247513
44.50719830000162,0.0,0.0,0.0,-4.5675920734780407e-07,2.3961398206149823e-08,-0.0001685836636064378
44.55787060000148,0.0,0.0,0.0,-4.5677239501377036e-07,2.3985830195323342e-08,-0.00016858504396055393
44.607980699998734,0.0,0.0,0.0,-4.5678536195120313e-07,2.4010159141336893e-08,-0.00016858637872655004
44.66047030000118,0.0,0.0,0.0,-4.5679811282406167e-07,2.4034434930036543e-08,-0.000168587668782467
44.70933109999896,0.0,0.0,0.0,-4.5681065390914244e-07,2.4058868049927568e-08,-0.00016858891380743283
44.75889280000047,0.0,0.0,0.0,-4.568230009209912e-07,2.4083176912835752e-08,-0.00016859011415608455
44.80821519999881,0.0,0.0,0.0,-4.5683514860113614e-07,2.410743935660104e-08,-0.00016859126990220405
44.86126489999879,0.0,0.0,0.0,-4.568470833245623e-07,2.4131747485811825e-08,-0.0001685923819278806
44.90857419999884,0.0,0.0,0.0,-4.5685879914042934e-07,2.4156003323338773e-08,-0.00016859344989910466
44.958953599998495,0.0,0.0,0.0,-4.5687034046685725e-07,2.4180238849567096e-08,-0.00016859447479850134
45.00589580000087,0.0,0.0,0.0,-4.568817122507576e-07,2.4204413469731305e-08,-0.00016859545610366995
45.06067489999987,0.0,0.0,0.0,-4.5689283780426756e-07,2.4228617250390366e-08,-0.0001685963945262633
45.109440899999754,0.0,0.0,0.0,-4.5690376077976805e-07,2.425283501787439e-08,-0.00016859729055357565
45.157376600000134,0.0,0.0,0.0,-4.569145295863698e-07,2.4277072715998505e-08,-0.00016859814377002074
45.20630159999928,0.0,0.0,0.0,-4.5692511977306853e-07,2.4301183859384887e-08,-0.00016859895419149356
45.260691899999074,0.0,0.0,0.0,-4.56935458773022e-07,2.4325334366894053e-08,-0.00016859972275253332
45.30838829999993,0.0,0.0,0.0,-4.569456145768489e-07,2.434948896808339e-08,-0.0001686004500262009
45.35659289999967,0.0,0.0,0.0,-4.5695562253973123e-07,2.4373633426996078e-08,-0.0001686011353360087
45.40976429999864,0.0,0.0,0.0,-4.569654396634542e-07,2.4397681717346484e-08,-0.00016860177902105464
45.45733399999881,0.0,0.0,0.0,-4.5697500222389175e-07,2.442182843590746e-08,-0.00016860238198654744
45.50787820000187,0.0,0.0,0.0,-4.569844229828058e-07,2.4445886640571243e-08,-0.00016860294430937796
45.55782199999885,0.0,0.0,0.0,-4.5699369866774385e-07,2.4470071237835774e-08,-0.00016860346558552413
45.6073361000017,0.0,0.0,0.0,-4.570027260094063e-07,2.449405464199e-08,-0.00016860394629932148
45.65745519999837,0.0,0.0,0.0,-4.570116019347869e-07,2.451822736796138e-08,-0.00016860438654953453
45.71085099999982,0.0,0.0,0.0,-4.570202724201477e-07,2.4542338735940256e-08,-0.00016860478636995376
45.759264299998904,0.0,0.0,0.0,-4.5702879849582465e-07,2.4566404210601136e-08,-0.00016860514587125637
45.80746089999957,0.0,0.0,0.0,-4.570371073765957e-07,2.4590440346316255e-08,-0.00016860546563915153
45.85729360000187,0.0,0.0,0.0,-4.570452105342457e-07,2.461451683260513e-08,-0.00016860574642172153
45.90999269999884,0.0,0.0,0.0,-4.570531918975928e-07,2.4638625861688883e-08,-0.00016860598759355078
45.95617620000121,0.0,0.0,0.0,-4.570609915357077e-07,2.4662641392150478e-08,-0.00016860618933678696
46.007195400001365,0.0,0.0,0.0,-4.5706860233581766e-07,2.4686647831350375e-08,-0.00016860635168137783
46.05909579999934,0.0,0.0,0.0,-4.5707599866892786e-07,2.4710821230941857e-08,-0.0001686064750358108
46.11074849999932,0.0,0.0,0.0,-4.570832379659566e-07,2.4734908317265647e-08,-0.00016860655948848746
46.160271900000225,0.0,0.0,0.0,-4.570903163790783e-07,2.47589672761381e-08,-0.00016860660542394748
46.20866020000176,0.0,0.0,0.0,-4.5709721144418204e-07,2.4783002615779835e-08,-0.00016860661278761293
46.2584053999999,0.0,0.0,0.0,-4.571039291360517e-07,2.4807178942675522e-08,-0.00016860658185473536
46.30875459999879,0.0,0.0,0.0,-4.571104653217676e-07,2.483122104936118e-08,-0.0001686065127383312
46.3588665999996,0.0,0.0,0.0,-4.5711686697860747e-07,2.4855297709345365e-08,-0.00016860640557648274
46.40629819999958,0.0,0.0,0.0,-4.5712305079303513e-07,2.487938941375954e-08,-0.00016860626048973082
46.459770900000876,0.0,0.0,0.0,-4.5712907745800443e-07,2.4903509505808555e-08,-0.00016860607771863192
46.507260999998834,0.0,0.0,0.0,-4.571349311424062e-07,2.4927669128448318e-08,-0.00016860585719916164
46.56071620000148,0.0,0.0,0.0,-4.571406221561048e-07,2.495178396085172e-08,-0.0001686055990647788
46.608226399999694,0.0,0.0,0.0,-4.571461468141743e-07,2.4975940898668233e-08,-0.00016860530351737264
46.65754880000168,0.0,0.0,0.0,-4.571514873484027e-07,2.5000039979619926e-08,-0.0001686049704726465
46.709749400000874,0.0,0.0,0.0,-4.571566303221394e-07,2.50242693637775e-08,-0.00016860460120471648
46.75780540000051,0.0,0.0,0.0,-4.571616951328483e-07,2.5048435339009565e-08,-0.00016860419394030879
46.80900860000111,0.0,0.0,0.0,-4.571665023578826e-07,2.507256037939881e-08,-0.00016860375000207013
46.85891160000028,0.0,0.0,0.0,-4.571711921659486e-07,2.5096801413443732e-08,-0.00016860326936849813
46.90823680000176,0.0,0.0,0.0,-4.5717568832004774e-07,2.5121070176873006e-08,-0.0001686027521531354
46.96163819999856,0.0,0.0,0.0,-4.571800543390717e-07,2.5145243997681773e-08,-0.00016860219819831638
47.00727589999951,0.0,0.0,0.0,-4.5718423595492385e-07,2.5169487668985647e-08,-0.00016860160766115452
47.06052049999926,0.0,0.0,0.0,-4.5718822736325443e-07,2.5193746174082104e-08,-0.00016860098093245932
47.110488800000894,0.0,0.0,0.0,-4.571920999737964e-07,2.521804117419186e-08,-0.00016860031785163396
47.159157900001446,0.0,0.0,0.0,-4.5719579707964306e-07,2.5242304167632882e-08,-0.00016859961844552663
47.21076549999998,0.0,0.0,0.0,-4.571993136976175e-07,2.526657071525123e-08,-0.0001685988827472414
47.257635500001925,0.0,0.0,0.0,-4.572026615330988e-07,2.5291003041808285e-08,-0.00016859811090106746
47.31013449999955,0.0,0.0,0.0,-4.572058538477744e-07,2.5315344476063462e-08,-0.0001685973036923596
47.35928970000168,0.0,0.0,0.0,-4.5720888574183694e-07,2.5339689899600603e-08,-0.00016859646063714943
47.410331800001586,0.0,0.0,0.0,-4.5721176702215447e-07,2.5364130367916308e-08,-0.00016859558173718908
47.45701339999869,0.0,0.0,0.0,-6.834567290868979e-06,2.6759876838913077e-07,-0.00015750822864286167
47.50677759999962,0.0,0.0,0.0,-1.1606082495840825e-06,4.429639658875324e-07,-0.00015139980895138237
47.560185999998794,0.0,0.0,0.0,-4.6752895473047705e-07,1.2155434083978165e-09,-0.00015255227530403404
47.60958599999867,0.0,0.0,0.0,-4.283247812779103e-07,-3.788379073688878e-08,-0.000153106066086012
47.65838810000059,0.0,0.0,0.0,-4.1738122436466985e-07,-5.818695252106797e-09,-0.00015313324889739143
47.70924029999878,0.0,0.0,0.0,-4.102620266660453e-07,3.714181327985709e-09,-0.00015308856408822286
47.75731779999842,0.0,0.0,0.0,-4.081165478254663e-07,4.487596234088366e-09,-0.0001530747840657637
47.812344800000574,0.0,0.0,0.0,-4.080071384778578e-07,3.995904279858673e-09,-0.00015307871499180265
47.85922439999922,0.0,0.0,0.0,-4.081907018176439e-07,3.775580655153602e-09,-0.000153085719691809
47.90737209999861,0.0,0.0,0.0,-4.0828767296645394e-07,3.803491264945781e-09,-0.00015309210077955803
47.95892100000128,0.0,0.0,0.0,-4.083287791389874e-07,3.888508802058226e-09,-0.0001530980067345236
48.00861689999874,0.0,0.0,0.0,-4.0835962907055606e-07,3.9676048665591386e-09,-0.00015310383869717315
48.058395399999426,0.0,0.0,0.0,-4.0839246362435286e-07,4.039388370181294e-09,-0.00015310971693128914
48.10819189999893,0.0,0.0,0.0,-4.084270475207957e-07,4.109043037323037e-09,-0.0001531156432705467
48.15659940000114,0.0,0.0,0.0,-4.0846210732510624e-07,4.178514140509559e-09,-0.00015312160711949767
48.20713569999862,0.0,0.0,0.0,-4.0849727008130784e-07,4.248089553176421e-09,-0.00015312760452367767
48.2606784999989,0.0,0.0,0.0,-4.085324945749412e-07,4.317451736044393e-09,-0.00015313363528060957
48.30890649999856,0.0,0.0,0.0,-4.085678808180333e-07,4.3866536378172875e-09,-0.00015313969950414178
48.35807080000086,0.0,0.0,0.0,-4.0860338133107614e-07,4.4555600260733656e-09,-0.00015314579723278685
48.409725000001345,0.0,0.0,0.0,-4.0863900467879857e-07,4.5243375168928195e-09,-0.00015315192850930484
48.462299099999655,0.0,0.0,0.0,-4.0867475079747876e-07,4.59295723560956e-09,-0.00015315809333628166
48.50750160000098,0.0,0.0,0.0,-4.087106275629326e-07,4.661338926156305e-09,-0.00015316429150068512
48.559406399999716,0.0,0.0,0.0,-4.0874665450940253e-07,4.729393489834521e-09,-0.00015317052286659312
48.609305800000584,0.0,0.0,0.0,-4.087827980344273e-07,4.797338670353809e-09,-0.00015317678739135214
48.658834199999546,0.0,0.0,0.0,-4.0881905815565866e-07,4.865121364650562e-09,-0.00015318308520590119
48.708986300000106,0.0,0.0,0.0,-4.0885545506297637e-07,4.932679065961201e-09,-0.00015318941618318096
48.75692849999905,0.0,0.0,0.0,-4.0889199852705185e-07,4.999902732242799e-09,-0.00015319578009197774
48.80951930000083,0.0,0.0,0.0,-4.089286344586008e-07,5.067039125803055e-09,-0.00015320217700792136
48.85813490000146,0.0,0.0,0.0,-4.08965409595421e-07,5.134005901771083e-09,-0.0001532086069447414
48.906582899999194,0.0,0.0,0.0,-4.0900232846476226e-07,5.200680687201488e-09,-0.00015321506972894655
48.958179799999925,0.0,0.0,0.0,-4.090393738898379e-07,5.267092250600875e-09,-0.0001532215651812233
49.0065082000001,0.0,0.0,0.0,-4.0907650245840123e-07,5.3334473737445206e-09,-0.0001532280933926446
49.05790329999945,0.0,0.0,0.0,-4.091137666792297e-07,5.399625973691076e-09,-0.0001532346544060772
49.10854660000041,0.0,0.0,0.0,-4.09151194715046e-07,5.465478919648771e-09,-0.00015324124805897866
49.16016909999962,0.0,0.0,0.0,-4.0918874883858754e-07,5.531026138954344e-09,-0.0001532478741206992
49.20791939999981,0.0,0.0,0.0,-4.092263936762288e-07,5.5965165268013295e-09,-0.0001532545326737294
49.2580506000013,0.0,0.0,0.0,-4.092641522869872e-07,5.661807976084467e-09,-0.00015326122374406388
49.30925760000173,0.0,0.0,0.0,-4.0930206431159146e-07,5.7268933622391965e-09,-0.00015326794716877463
49.356505700001435,0.0,0.0,0.0,-4.09340122142681e-07,5.7916193205066735e-09,-0.00015327470274213953
49.40791280000121,0.0,0.0,0.0,-4.0937825817025686e-07,5.856259507387796e-09,-0.00015328149067809856
49.459046700001636,0.0,0.0,0.0,-4.0941651150446664e-07,5.920762477108414e-09,-0.0001532883108131015
49.51052229999914,0.0,0.0,0.0,-4.094549346139754e-07,5.984928036577263e-09,-0.00015329516305151775
49.56167650000134,0.0,0.0,0.0,-4.0949347941834477e-07,6.04885389048105e-09,-0.0001533020472300506
49.609101900001406,0.0,0.0,0.0,-4.0953211477362784e-07,6.1126379552724735e-09,-0.00015330896339585455
49.656756100001076,0.0,0.0,0.0,-4.095708654061653e-07,6.176255714727021e-09,-0.00015331591154639826
49.70864559999973,0.0,0.0,0.0,-4.096097986019727e-07,6.239559973839011e-09,-0.00015332289147580386
49.75994939999873,0.0,0.0,0.0,-4.0964879831030666e-07,6.3026601762713666e-09,-0.00015332990319229405
49.810050399999454,0.0,0.0,0.0,-4.0968790191706507e-07,6.365671615291923e-09,-0.0001533369467237069
49.85917350000091,0.0,0.0,0.0,-4.097271698197589e-07,6.428480556100654e-09,-0.00015334402193127215
49.90861159999986,0.0,0.0,0.0,-4.0976655740748717e-07,6.490869449017056e-09,-0.00015335112865494458
49.961185000000114,0.0,0.0,0.0,-4.098060562559664e-07,6.553191499606476e-09,-0.00015335826700052301
50.009093500000745,0.0,0.0,0.0,-4.09845681686418e-07,6.615255423177268e-09,-0.00015336543676905526
50.05740330000117,0.0,0.0,0.0,-4.098853939739672e-07,6.677188134696211e-09,-0.00015337263803926124
50.107055699998455,0.0,0.0,0.0,-4.099252636084899e-07,6.738822381183827e-09,-0.00015337987057340965
50.159466500001145,0.0,0.0,0.0,-4.0996523766117146e-07,6.800298503237547e-09,-0.00015338713449724933
50.208639600001334,0.0,0.0,0.0,-4.100053355562755e-07,6.861553963225099e-09,-0.00015339442958314223
50.257475800000975,0.0,0.0,0.0,-4.1004554703570836e-07,6.922548895420671e-09,-0.00015340175588543582
50.3094557000004,0.0,0.0,0.0,-4.1008591100308413e-07,6.9833272512362525e-09,-0.00015340911318766721
50.3576968999987,0.0,0.0,0.0,-4.101263502260545e-07,7.043938460304336e-09,-0.00015341650164924165
50.40859759999876,0.0,0.0,0.0,-4.101669103114502e-07,7.104346516592831e-09,-0.00015342392104732337
50.45797400000083,0.0,0.0,0.0,-4.1020761601020256e-07,7.164520153117846e-09,-0.0001534313713634569
50.509490899999946,0.0,0.0,0.0,-4.1024842992010736e-07,7.224399482227129e-09,-0.00015343885249411568
50.55721249999988,0.0,0.0,0.0,-4.1028936672197095e-07,7.284108822290217e-09,-0.00015344636443525002
50.60987960000057,0.0,0.0,0.0,-4.1033038155951916e-07,7.343705905391779e-09,-0.00015345390705306808
50.65714210000078,0.0,0.0,0.0,-4.103715660847035e-07,7.403021568482022e-09,-0.00015346148039607413
50.70693210000172,0.0,0.0,0.0,-4.1041283914723445e-07,7.462080465652515e-09,-0.00015346908426053173
50.75972009999896,0.0,0.0,0.0,-4.1045421358068567e-07,7.52093361351574e-09,-0.00015347671869997222
50.80853070000012,0.0,0.0,0.0,-4.104957201993852e-07,7.579683015787636e-09,-0.00015348438371854686
50.85826499999894,0.0,0.0,0.0,-4.105373669432154e-07,7.638072952378098e-09,-0.00015349207906506642
50.908199099998455,0.0,0.0,0.0,-4.105791071531738e-07,7.696330174791637e-09,-0.00015349980473027095
50.957206700000825,0.0,0.0,0.0,-4.1062094846871384e-07,7.754288107623075e-09,-0.0001535075607260046
51.00815069999953,0.0,0.0,0.0,-4.1066292967350537e-07,7.81216842940407e-09,-0.00015351534693346298
51.05984009999884,0.0,0.0,0.0,-4.107050307009547e-07,7.869691383513195e-09,-0.00015352316325904436
51.10702749999837,0.0,0.0,0.0,-4.107472310576812e-07,7.92698794965044e-09,-0.00015353100961747537
51.15700270000161,0.0,0.0,0.0,-4.107895201228441e-07,7.984233646093666e-09,-0.00015353888599403594
51.21038140000019,0.0,0.0,0.0,-4.1083195160124465e-07,8.041181789284271e-09,-0.00015354679252743974
51.258330199998454,0.0,0.0,0.0,-4.108745224701946e-07,8.09786767764288e-09,-0.00015355472895876415
51.3082753000017,0.0,0.0,0.0,-4.109171619394296e-07,8.154378077798354e-09,-0.00015356269513345272
51.35710670000117,0.0,0.0,0.0,-4.10959930656486e-07,8.210648269444567e-09,-0.00015357069105912638
51.40699080000195,0.0,0.0,0.0,-4.1100283132561e-07,8.266676022848682e-09,-0.00015357871672627523
51.458477299998776,0.0,0.0,0.0,-4.1104580176898795e-07,8.32258601672232e-09,-0.00015358677214537118
51.50967440000022,0.0,0.0,0.0,-4.110889200260345e-07,8.378193327762581e-09,-0.00015359485714497488
51.55689659999916,0.0,0.0,0.0,-4.111321285898819e-07,8.433658092841129e-09,-0.00015360297167209407
51.60715319999872,0.0,0.0,0.0,-4.1117548667411916e-07,8.488815510792116e-09,-0.0001536111155924896
51.66116030000194,0.0,0.0,0.0,-4.112189224800719e-07,8.543734744531019e-09,-0.0001536192889096582
51.70981810000012,0.0,0.0,0.0,-4.1126244499555876e-07,8.59861348434479e-09,-0.0001536274916527923
51.757571400001325,0.0,0.0,0.0,-4.1130612841534057e-07,8.653135829141217e-09,-0.0001536357236934147
51.80756130000009,0.0,0.0,0.0,-4.1134993809512336e-07,8.707399484372897e-09,-0.00015364398486718687
51.86031250000087,0.0,0.0,0.0,-4.1139380746058885e-07,8.761431372864942e-09,-0.00015365227514941036
51.909663499998715,0.0,0.0,0.0,-4.1143780077793507e-07,8.815439929143677e-09,-0.00015366059452978797
51.956756899999164,0.0,0.0,0.0,-4.114819143194808e-07,8.869087645429488e-09,-0.00015366894302195583
52.01090649999969,0.0,0.0,0.0,-4.1152612584829556e-07,8.922509885342989e-09,-0.0001536773204734394
52.057491100000334,0.0,0.0,0.0,-4.1157044932565787e-07,8.975766430641874e-09,-0.00015368572677697625
52.10965260000012,0.0,0.0,0.0,-4.116148653999919e-07,9.02881074863864e-09,-0.00015369416196357724
52.158910000001924,0.0,0.0,0.0,-4.1165942964905267e-07,9.081600422386968e-09,-0.00015370262603738244
52.20902589999969,0.0,0.0,0.0,-4.117040576357839e-07,9.13416226080152e-09,-0.0001537111188203861
52.25830109999879,0.0,0.0,0.0,-4.1174882958597946e-07,9.186562402319152e-09,-0.00015371964022801055
52.30885340000168,0.0,0.0,0.0,-4.117937058894415e-07,9.238692221210554e-09,-0.00015372819025521474
52.35773540000082,0.0,0.0,0.0,-4.1183869414795303e-07,9.290569222765819e-09,-0.00015373676872539253
52.408659600001556,0.0,0.0,0.0,-4.118837785765864e-07,9.342253525655007e-09,-0.00015374537570557556
52.458630600001925,0.0,0.0,0.0,-4.119289527141927e-07,9.393740509935918e-09,-0.00015375401101657603
52.50888390000182,0.0,0.0,0.0,-4.1197425649228314e-07,9.445081248016723e-09,-0.00015376267482199052
52.560393899999326,0.0,0.0,0.0,-4.120196571968163e-07,9.496109053672742e-09,-0.00015377136686415998
52.60750769999868,0.0,0.0,0.0,-4.120651669822823e-07,9.546865997242173e-09,-0.000153780087114096
52.65826809999999,0.0,0.0,0.0,-4.1211075997424766e-07,9.597594298340301e-09,-0.00015378883560731728
52.707954400000744,0.0,0.0,0.0,-4.1215651544918074e-07,9.647964717368884e-09,-0.00015379761216437367
52.7583068999993,0.0,0.0,0.0,-4.122023256832819e-07,9.698077594143062e-09,-0.00015380641668323494
52.81045280000035,0.0,0.0,0.0,-4.1224824210699834e-07,9.748092660731212e-09,-0.000153815249294622
52.85819089999859,0.0,0.0,0.0,-4.1229430804925693e-07,9.79784076947197e-09,-0.00015382410980618717
52.908293100001174,0.0,0.0,0.0,-4.123404545435606e-07,9.847266527394377e-09,-0.0001538329980581729
52.95853110000098,0.0,0.0,0.0,-4.123866810764202e-07,9.8966299566324e-09,-0.00015384191423249035
53.00729860000138,0.0,0.0,0.0,-4.124330331814392e-07,9.945721900299599e-09,-0.00015385085816494522
53.05802509999921,0.0,0.0,0.0,-4.124794915226258e-07,9.99454005328506e-09,-0.00015385982968906502
53.11023579999892,0.0,0.0,0.0,-4.125260760741935e-07,1.0043122011620154e-08,-0.00015386882880050125
53.15955119999853,0.0,0.0,0.0,-4.125727213421436e-07,1.0091596921190174e-08,-0.0001538778554802054
53.20621309999842,0.0,0.0,0.0,-4.1261948487536666e-07,1.0139793461477516e-08,-0.00015388690970008877
53.25843270000041,0.0,0.0,0.0,-4.1266635230569213e-07,1.0187778057502533e-08,-0.0001538959912548983
53.30903979999857,0.0,0.0,0.0,-4.127133282205061e-07,1.0235561886552668e-08,-0.00015390510021455413
53.35819089999859,0.0,0.0,0.0,-4.127603939056918e-07,1.0283120601814853e-08,-0.00015391423658466901
53.40806760000123,0.0,0.0,0.0,-4.1280758310870685e-07,1.0330364922372168e-08,-0.0001539234000853188
53.45701299999928,0.0,0.0,0.0,-4.128548342887972e-07,1.0377492704512327e-08,-0.0001539325906970999
53.51076599999942,0.0,0.0,0.0,-4.1290223741055445e-07,1.0424450386808361e-08,-0.0001539418085601773
53.55760240000018,0.0,0.0,0.0,-4.1294969813995e-07,1.0471053970561758e-08,-0.00015395105350723563
53.61170839999977,0.0,0.0,0.0,-4.1299730684088743e-07,1.0517455919322397e-08,-0.00015396032532683684
53.65826830000151,0.0,0.0,0.0,-4.1304495889178226e-07,1.0563727965898543e-08,-0.00015396962412679718
53.70816420000119,0.0,0.0,0.0,-4.130927417713831e-07,1.0609747460033345e-08,-0.00015397894984831484
53.75903079999989,0.0,0.0,0.0,-4.1314063786165066e-07,1.0655503283012475e-08,-0.00015398830239867595
53.81227629999921,0.0,0.0,0.0,-4.1318863744844665e-07,1.0701037374543027e-08,-0.00015399768153010404
53.85845220000192,0.0,0.0,0.0,-4.1323669103559934e-07,1.0746421338024384e-08,-0.00015400708749721854
53.90983369999958,0.0,0.0,0.0,-4.1328486958665977e-07,1.0791625770228835e-08,-0.00015401652013593872
53.95917869999903,0.0,0.0,0.0,-4.1333316628293654e-07,1.0836441726508578e-08,-0.00015402597927386777
54.010266799999954,0.0,0.0,0.0,-4.1338153743159556e-07,1.0881166996630626e-08,-0.00015403546487764344
54.057797699999355,0.0,0.0,0.0,-4.1343000331168793e-07,1.0925634974077112e-08,-0.00015404497704372998
54.10686200000055,0.0,0.0,0.0,-4.13478610888692e-07,1.0969887366670328e-08,-0.00015405451550798307
54.1571397000007,0.0,0.0,0.0,-4.135272841930967e-07,1.1013864451494533e-08,-0.00015406408017412885
54.20886210000026,0.0,0.0,0.0,-4.1357602625026834e-07,1.1057724115670097e-08,-0.0001540736712386668
54.2618939999993,0.0,0.0,0.0,-4.13624921414463e-07,1.1101359114774192e-08,-0.00015408328853725784
54.310608499999944,0.0,0.0,0.0,-4.136738703183344e-07,1.1144649880984371e-08,-0.00015409293185693294
54.357614900000044,0.0,0.0,0.0,-4.137229366212603e-07,1.118789372715788e-08,-0.00015410260136511486
54.407018199999584,0.0,0.0,0.0,-4.137720834490952e-07,1.123080649602045e-08,-0.00015411229690138632
54.45883680000043,0.0,0.0,0.0,-4.138213560347666e-07,1.1273534303016434e-08,-0.00015412201832865272
54.50812450000012,0.0,0.0,0.0,-4.1387068436644295e-07,1.1316073242327238e-08,-0.00015413176577406276
54.55674809999982,0.0,0.0,0.0,-4.139201321791729e-07,1.1358356247557177e-08,-0.0001541415391456248
54.60959229999935,0.0,0.0,0.0,-4.139696979702022e-07,1.140042292170503e-08,-0.00015415133814529607
54.65801840000131,0.0,0.0,0.0,-4.140193344927709e-07,1.1442204764038533e-08,-0.00015416116281446592
54.707767500000045,0.0,0.0,0.0,-4.1406906740013975e-07,1.148384593246358e-08,-0.00015417101316027483
54.75936599999841,0.0,0.0,0.0,-4.1411886956833976e-07,1.1525322250503826e-08,-0.00015418088921218218
54.80819459999839,0.0,0.0,0.0,-4.1416880149393525e-07,1.1566559814068501e-08,-0.00015419079080227253
54.861870000000636,0.0,0.0,0.0,-4.1421882575827415e-07,1.1607476711131385e-08,-0.0001542007178923501
54.91049280000152,0.0,0.0,0.0,-4.1426892613189434e-07,1.1648232636596463e-08,-0.00015421067031459615
54.96012289999999,0.0,0.0,0.0,-4.1431917299166846e-07,1.1688733979821822e-08,-0.00015422064807164046
55.00893770000039,0.0,0.0,0.0,-4.14369465449677e-07,1.1729005660621894e-08,-0.00015423065110913424
55.06107010000051,0.0,0.0,0.0,-4.1441983770552155e-07,1.1769187358029671e-08,-0.00015424067943847346
55.11148939999839,0.0,0.0,0.0,-4.1447032339130713e-07,1.1809081272821541e-08,-0.00015425073301370131
55.16017439999996,0.0,0.0,0.0,-4.1452090104293083e-07,1.1848709340863428e-08,-0.00015426081159212367
55.209833799999615,0.0,0.0,0.0,-4.145715644094021e-07,1.1888191764835763e-08,-0.00015427091532223708
55.262434200001735,0.0,0.0,0.0,-4.14622311035801e-07,1.1927497304873981e-08,-0.0001542810440944634
55.320011499999964,0.0,0.0,0.0,-4.1467318902029175e-07,1.1966474610653215e-08,-0.00015429119784266633
55.35939059999873,0.0,0.0,0.0,-4.1472412586663253e-07,1.2005232563425971e-08,-0.0001543013763051196
55.40758410000126,0.0,0.0,0.0,-4.1477515413165667e-07,1.2043857894558885e-08,-0.00015431157968681935
55.45873009999923,0.0,0.0,0.0,-4.1482629597570077e-07,1.20822480932877e-08,-0.00015432180784897837
55.509016600000905,0.0,0.0,0.0,-4.1487749561401417e-07,1.2120361192243908e-08,-0.00015433206071284932
55.560169500000484,0.0,0.0,0.0,-4.1492880039200734e-07,1.2158321332320779e-08,-0.0001543423382817447
55.60816909999994,0.0,0.0,0.0,-4.149801996606997e-07,1.2196079573385506e-08,-0.00015435264046212711
55.65823409999939,0.0,0.0,0.0,-4.150317074158255e-07,1.2233546778985068e-08,-0.00015436296706982224
55.70782269999836,0.0,0.0,0.0,-4.1508326657880924e-07,1.227083884780213e-08,-0.00015437331818322756
55.75960810000106,0.0,0.0,0.0,-4.1513494232478374e-07,1.2307890868983394e-08,-0.00015438369367008626
55.80832780000128,0.0,0.0,0.0,-4.15186712536006e-07,1.23447428867235e-08,-0.00015439409352648986
55.859781800001656,0.0,0.0,0.0,-4.152385670673512e-07,1.2381379433598067e-08,-0.00015440451770568469
55.91110710000066,0.0,0.0,0.0,-4.1529047419453857e-07,1.2417804861606211e-08,-0.00015441496605164093
55.961205799998424,0.0,0.0,0.0,-4.153425043902002e-07,1.245406334192816e-08,-0.0001544254386774678
56.00823870000022,0.0,0.0,0.0,-4.153946316371088e-07,1.2489988316308699e-08,-0.00015443593541157385
56.05894370000169,0.0,0.0,0.0,-4.154468042187669e-07,1.2525821938499995e-08,-0.00015444645615472554
56.10748700000113,0.0,0.0,0.0,-4.1549910036569017e-07,1.2561394970186167e-08,-0.00015445700085184755
56.15767720000076,0.0,0.0,0.0,-4.1555147786716655e-07,1.2596736646759632e-08,-0.0001544675696280017
56.207404299999325,0.0,0.0,0.0,-4.1560391068705414e-07,1.2631875732150694e-08,-0.0001544781622682035
56.257554299998446,0.0,0.0,0.0,-4.156564736853886e-07,1.2666836188630963e-08,-0.00015448877871773915
56.30972660000043,0.0,0.0,0.0,-4.1570911977412193e-07,1.2701520477302006e-08,-0.00015449941893995353
56.361690500001714,0.0,0.0,0.0,-4.1576183366079755e-07,1.2736030799360204e-08,-0.0001545100828842098
56.40867620000063,0.0,0.0,0.0,-4.158146372190213e-07,1.2770289199467326e-08,-0.00015452077042525067
56.460359400000016,0.0,0.0,0.0,-4.158675436350194e-07,1.2804342121504049e-08,-0.00015453148154437319
56.509112200001255,0.0,0.0,0.0,-4.159204992931708e-07,1.2838214414820897e-08,-0.00015454221629103827
56.55822270000135,0.0,0.0,0.0,-4.159735661410991e-07,1.2871852305748485e-08,-0.00015455297456489503
56.61127789999955,0.0,0.0,0.0,-4.160266975986261e-07,1.2905380309203125e-08,-0.00015456375629583334
56.655674000001454,0.0,0.0,0.0,-4.1607994854387205e-07,1.2938524747458095e-08,-0.0001545745612609103
56.708871899998485,0.0,0.0,0.0,-4.161332554901975e-07,1.2971503653826875e-08,-0.00015458538955108757
56.75746770000114,0.0,0.0,0.0,-4.161866295269866e-07,1.3004414778903741e-08,-0.00015459624120782325
56.811397500001476,0.0,0.0,0.0,-4.162401628615401e-07,1.3036888533125323e-08,-0.00015460711592199736
56.85768879999887,0.0,0.0,0.0,-4.1629371150586845e-07,1.306925234075175e-08,-0.00015461801377454794
56.90550749999966,0.0,0.0,0.0,-4.1634735771372054e-07,1.3101434631246571e-08,-0.00015462893477547726
56.956922000001214,0.0,0.0,0.0,-4.1640111998828266e-07,1.3133350726665696e-08,-0.0001546398787484455
57.01082529999985,0.0,0.0,0.0,-4.164549254185134e-07,1.3165054260994048e-08,-0.00015465084565386095
57.057135499999276,0.0,0.0,0.0,-4.165088227999888e-07,1.3196596080600251e-08,-0.00015466183549989404
57.108238799999526,0.0,0.0,0.0,-4.1656279804235663e-07,1.3228000606854888e-08,-0.00015467284825436664
57.15770820000034,0.0,0.0,0.0,-4.166168646729083e-07,1.3259012283101551e-08,-0.00015468388378582992
57.208891700000095,0.0,0.0,0.0,-4.166709973191435e-07,1.3289981952294619e-08,-0.00015469494201469854
57.26173149999886,0.0,0.0,0.0,-4.16725250304486e-07,1.3320625131559616e-08,-0.0001547060229556538
57.307998500000394,0.0,0.0,0.0,-4.1677955819307585e-07,1.3351053097303486e-08,-0.00015471712648389884
57.35881779999909,0.0,0.0,0.0,-4.1683395119921224e-07,1.3381312206864943e-08,-0.00015472825259895626
57.40840200000093,0.0,0.0,0.0,-4.168884213876042e-07,1.3411371414247328e-08,-0.00015473940120230587
57.45880419999958,0.0,0.0,0.0,-4.169429812210228e-07,1.3441203835353464e-08,-0.00015475057223569667
57.510062400000606,0.0,0.0,0.0,-4.1699761468363305e-07,1.3470809586184798e-08,-0.00015476176566218383
57.561286899999686,0.0,0.0,0.0,-4.17052307127619e-07,1.3500321957427577e-08,-0.00015477298150495827
57.60730279999916,0.0,0.0,0.0,-4.171071211185538e-07,1.3529445189318118e-08,-0.00015478421968369651
57.65863430000172,0.0,0.0,0.0,-4.171619807401706e-07,1.355845703316871e-08,-0.0001547954799783387
57.70800750000126,0.0,0.0,0.0,-4.172169303892129e-07,1.3587317376019637e-08,-0.00015480676251993555
57.758549900001526,0.0,0.0,0.0,-4.172719893819483e-07,1.3615837162825056e-08,-0.00015481806709140132
57.807749200001126,0.0,0.0,0.0,-4.1732707570655954e-07,1.3644214424620052e-08,-0.00015482939370996355
57.86147340000025,0.0,0.0,0.0,-4.173822432835695e-07,1.3672484631987854e-08,-0.00015484074252086424
57.906978700000764,0.0,0.0,0.0,-4.174375237001981e-07,1.370043626896087e-08,-0.00015485211323598198
57.959370699998544,0.0,0.0,0.0,-4.174928672493949e-07,1.372816724711488e-08,-0.00015486350578831706
58.00754769999912,0.0,0.0,0.0,-4.175482808237776e-07,1.3755728675782533e-08,-0.00015487492023210302
58.05885069999931,0.0,0.0,0.0,-4.1760378884634104e-07,1.3783089174717536e-08,-0.0001548863564558509
58.11038869999902,0.0,0.0,0.0,-4.1765936204669567e-07,1.381019999692776e-08,-0.0001548978144105278
58.15970440000092,0.0,0.0,0.0,-4.177150093789983e-07,1.3837183218017867e-08,-0.0001549092940838001
58.20844059999945,0.0,0.0,0.0,-4.177707593654146e-07,1.3863909694904889e-08,-0.00015492079529669603
58.258277900000394,0.0,0.0,0.0,-4.178265882835714e-07,1.3890317268183849e-08,-0.00015493231799540511
58.312619399999676,0.0,0.0,0.0,-4.1788243621504375e-07,1.3916675043389228e-08,-0.00015494386221514536
58.35835370000132,0.0,0.0,0.0,-4.179384038525446e-07,1.394283142012675e-08,-0.00015495542799004404
58.407471099999384,0.0,0.0,0.0,-4.1799446226138165e-07,1.3968719809043299e-08,-0.00015496701510127336
58.45575409999947,0.0,0.0,0.0,-4.1805053773613993e-07,1.3994400539174397e-08,-0.00015497862361020377
58.50841750000109,0.0,0.0,0.0,-4.181067309647214e-07,1.4020001800530499e-08,-0.0001549902534351757
58.558605800000805,0.0,0.0,0.0,-4.181630083515235e-07,1.404520162718179e-08,-0.00015500190444024586
58.611870600001566,0.0,0.0,0.0,-4.182193351051595e-07,1.4070275456213811e-08,-0.00015501357656052086
58.66097660000014,0.0,0.0,0.0,-4.1827573513980093e-07,1.409521662173635e-08,-0.00015502526990048503
58.70961670000179,0.0,0.0,0.0,-4.1833223169138223e-07,1.4119913788509967e-08,-0.00015503698427648987
58.75611360000039,0.0,0.0,0.0,-4.183887664490784e-07,1.4144373884064217e-08,-0.0001550487196873493
58.80768570000146,0.0,0.0,0.0,-4.1844539697851614e-07,1.416879429475392e-08,-0.00015506047616904088
58.8589925999986,0.0,0.0,0.0,-4.1850212045309773e-07,1.4192759503581447e-08,-0.00015507225348314682
58.90876940000089,0.0,0.0,0.0,-4.1855888221245823e-07,1.4216638487358369e-08,-0.00015508405168874353
58.96224110000185,0.0,0.0,0.0,-4.186157447775538e-07,1.424037079777765e-08,-0.0001550958706955411
59.00532369999928,0.0,0.0,0.0,-4.1867268038506055e-07,1.4263787721516686e-08,-0.00015510771035523083
59.05840199999875,0.0,0.0,0.0,-4.1872967739096043e-07,1.4287018189819994e-08,-0.0001551195707737981
59.108325799999875,0.0,0.0,0.0,-4.187867396683057e-07,1.4310164195243318e-08,-0.00015513145185329082
59.15845429999899,0.0,0.0,0.0,-4.1884388972615635e-07,1.4333005852340148e-08,-0.0001551433535789936
59.20811049999975,0.0,0.0,0.0,-4.1890109373740875e-07,1.4355742896055188e-08,-0.00015515527579471568
59.25830019999921,0.0,0.0,0.0,-4.189583732099711e-07,1.4378170953570451e-08,-0.00015516721849323623
59.31103090000033,0.0,0.0,0.0,-4.190157333234226e-07,1.4400471939408552e-08,-0.00015517918154660492
59.359472500000265,0.0,0.0,0.0,-4.190731680688415e-07,1.4422532767356147e-08,-0.0001551911650721888
59.40832429999864,0.0,0.0,0.0,-4.191306434544277e-07,1.4444422197178784e-08,-0.00015520316885352087
59.45825500000137,0.0,0.0,0.0,-4.1918825204825705e-07,1.4466102043430574e-08,-0.00015521519295949926
59.50818540000182,0.0,0.0,0.0,-4.1924586376145115e-07,1.4487546243712622e-08,-0.0001552272372671396
59.558787900001334,0.0,0.0,0.0,-4.1930356170850066e-07,1.4508887594961813e-08,-0.00015523930177982557
59.60492339999837,0.0,0.0,0.0,-4.1936135405311215e-07,1.4529977054005988e-08,-0.0001552513863728771
59.65228980000029,0.0,0.0,0.0,-4.194192106986521e-07,1.4550839279581216e-08,-0.000155263491038251
59.70597160000034,0.0,0.0,0.0,-4.194771114129382e-07,1.45715409344835e-08,-0.00015527561574967403
59.753169999999955,0.0,0.0,0.0,-4.195350966978431e-07,1.4592088332472786e-08,-0.00015528776041001495
59.80394670000169,0.0,0.0,0.0,-4.1959319052270725e-07,1.461233245046986e-08,-0.00015529992492654228
59.85217620000185,0.0,0.0,0.0,-4.1965128221432006e-07,1.4632436033908575e-08,-0.00015531210930689698
59.902455600000394,0.0,0.0,0.0,-4.1970947501953834e-07,1.4652387284118536e-08,-0.0001553243134662819
59.95103849999941,0.0,0.0,0.0,-4.197677385919388e-07,1.4672093071646959e-08,-0.0001553365373888352
60.003012000001036,0.0,0.0,0.0,-4.1982605340218236e-07,1.4691600141667372e-08,-0.0001553487810386733
60.05285450000156,0.0,0.0,0.0,-4.1988444868712113e-07,1.4711017118171425e-08,-0.00015536104442442523
60.10115450000012,0.0,0.0,0.0,-4.1994293891040266e-07,1.4730095047728937e-08,-0.0001553733274358907
60.152067899998656,0.0,0.0,0.0,-4.2000145562957713e-07,1.474898734803997e-08,-0.00015538562985839937
60.203709000001254,0.0,0.0,0.0,-4.20060056272988e-07,1.47678114659304e-08,-0.00015539795179189128
60.252679799999896,0.0,0.0,0.0,-4.2011871705245133e-07,1.478633439579762e-08,-0.0001554102932873404
60.30298649999895,0.0,0.0,0.0,-4.201774409994451e-07,1.4804717954643608e-08,-0.00015542265404853132
60.35134309999921,0.0,0.0,0.0,-4.2023624444501384e-07,1.4822915527131978e-08,-0.00015543503422567074
60.40192759999991,0.0,0.0,0.0,-4.2029511497764954e-07,1.48408404600975e-08,-0.00015544743369618602
60.45347920000131,0.0,0.0,0.0,-4.203540192931992e-07,1.4858650566884415e-08,-0.0001554598524190908
60.50156209999841,0.0,0.0,0.0,-4.2041303332829703e-07,1.4876329796838486e-08,-0.0001554722903737588
60.553280000000086,0.0,0.0,0.0,-4.20472070614608e-07,1.4893649771468173e-08,-0.0001554847474099873
60.603072599998995,0.0,0.0,0.0,-4.20531201189064e-07,1.4910921048599338e-08,-0.00015549722356031468
60.652659600000334,0.0,0.0,0.0,-4.2059040551933503e-07,1.4927974776775758e-08,-0.000155509718731238
60.70176690000153,0.0,0.0,0.0,-4.2064964409486274e-07,1.4944731370351113e-08,-0.00015552223294266053
60.75178589999996,0.0,0.0,0.0,-4.207089495774202e-07,1.4961492425111422e-08,-0.00015553476611372157
60.8020319999996,0.0,0.0,0.0,-4.2076834226504116e-07,1.4977942444988572e-08,-0.00015554731812439702
60.85267930000191,0.0,0.0,0.0,-4.208278068497536e-07,1.499412145614411e-08,-0.00015555988895571128
60.901649200000975,0.0,0.0,0.0,-4.2088729441122823e-07,1.5010258372475436e-08,-0.0001555724785942962
60.95175709999967,0.0,0.0,0.0,-4.2094688341748644e-07,1.502616845945501e-08,-0.00015558508698188512
61.00283309999941,0.0,0.0,0.0,-4.210065085145058e-07,1.504185416813506e-08,-0.0001555977140499773
61.05349869999918,0.0,0.0,0.0,-4.210662089761336e-07,1.505739070154785e-08,-0.00015561035973590899
61.10227890000169,0.0,0.0,0.0,-4.211259627783849e-07,1.5072789380038657e-08,-0.0001556230241003565
61.15350659999967,0.0,0.0,0.0,-4.2118577138635866e-07,1.508791016373445e-08,-0.00015563570703913535
61.20279500000106,0.0,0.0,0.0,-4.21245659485309e-07,1.510294383781151e-08,-0.00015564840850331967
61.252754600001936,0.0,0.0,0.0,-4.213056274587301e-07,1.5117674862817375e-08,-0.00015566112841740434
61.302880399998685,0.0,0.0,0.0,-4.2136563437421774e-07,1.5132245519337458e-08,-0.00015567386666491908
61.35155680000025,0.0,0.0,0.0,-4.214256732707457e-07,1.5146753654955356e-08,-0.0001556866233785761
61.402977000001556,0.0,0.0,0.0,-4.214858414974331e-07,1.5160965432523036e-08,-0.00015569939845246625
61.45270879999953,0.0,0.0,0.0,-4.215460253010452e-07,1.517493230936046e-08,-0.0001557121916492783
61.503092599999945,0.0,0.0,0.0,-4.216062685436407e-07,1.5188885165053758e-08,-0.00015572500311590852
61.55100609999863,0.0,0.0,0.0,-4.2166661208989993e-07,1.5202532665975347e-08,-0.0001557378327467362
61.60252549999859,0.0,0.0,0.0,-4.21726982248228e-07,1.5215961768889472e-08,-0.00015575068040386256
61.652814000000944,0.0,0.0,0.0,-4.217873963235247e-07,1.5229385756247338e-08,-0.0001557635462923345
61.703242300001875,0.0,0.0,0.0,-4.218479139147912e-07,1.5242508545042062e-08,-0.00015577643012057777
61.7518342000003,0.0,0.0,0.0,-4.219084367463836e-07,1.5255426296272918e-08,-0.00015578933192010586
61.80235850000099,0.0,0.0,0.0,-4.219690552172117e-07,1.5268313955531004e-08,-0.00015580225174334893
61.85268020000149,0.0,0.0,0.0,-4.220297284177377e-07,1.52808361803365e-08,-0.00015581518938297283
61.90281959999993,0.0,0.0,0.0,-4.220904558235377e-07,1.5293308415668325e-08,-0.00015582814493246767
61.952035800000886,0.0,0.0,0.0,-4.221512498495621e-07,1.5305559618880067e-08,-0.0001558411184012946
62.001742899999954,0.0,0.0,0.0,-4.2221211045093773e-07,1.5317585012537463e-08,-0.0001558541094794583
62.05131040000197,0.0,0.0,0.0,-4.2227300337778535e-07,1.532948028372016e-08,-0.00015586711821592155
62.102900699999736,0.0,0.0,0.0,-4.223339723679565e-07,1.5341240858744616e-08,-0.00015588014470416055
62.15335899999991,0.0,0.0,0.0,-4.2239501956334113e-07,1.535270656488188e-08,-0.00015589318870745775
62.2011734000007,0.0,0.0,0.0,-4.224560701131476e-07,1.5364037773052444e-08,-0.00015590625026050102
62.252574999998615,0.0,0.0,0.0,-4.225172333744712e-07,1.5375253882397868e-08,-0.00015591932941330633
62.30289980000089,0.0,0.0,0.0,-4.225784373591482e-07,1.5386186197113354e-08,-0.0001559324258639643
62.353239799998846,0.0,0.0,0.0,-4.226396631429996e-07,1.5397088280316346e-08,-0.00015594553991270273
62.40149620000011,0.0,0.0,0.0,-4.2270097676991376e-07,1.540777307161958e-08,-0.00015595867136705647
62.450891799999226,0.0,0.0,0.0,-4.227623581121235e-07,1.5418187054654708e-08,-0.00015597182004026004
62.502703300000576,0.0,0.0,0.0,-4.228237526016663e-07,1.5428495185463627e-08,-0.00015598498608531596
62.55217730000004,0.0,0.0,0.0,-4.228852525346026e-07,1.5438681113866488e-08,-0.00015599816936925193
62.60210050000023,0.0,0.0,0.0,-4.229467901083226e-07,1.544856097163676e-08,-0.00015601136984706604
62.6510429000009,0.0,0.0,0.0,-4.2300839409961036e-07,1.5458345343907132e-08,-0.00015602458745487218
62.70244710000043,0.0,0.0,0.0,-4.230700216973104e-07,1.5467941277310498e-08,-0.00015603782214589564
62.75237289999859,0.0,0.0,0.0,-4.2313172331817306e-07,1.547742844289096e-08,-0.00015605107399996502
62.80326480000076,0.0,0.0,0.0,-4.2319346955671956e-07,1.5486724796008096e-08,-0.00015606434293774323
62.8524737000007,0.0,0.0,0.0,-4.232553069052507e-07,1.5495756455653185e-08,-0.0001560776287279644
62.9025146999993,0.0,0.0,0.0,-4.2331716838960165e-07,1.550466622720667e-08,-0.00015609093158238697
62.951681599999574,0.0,0.0,0.0,-4.233790630668747e-07,1.5513476036397754e-08,-0.00015610425132651858
63.00232880000112,0.0,0.0,0.0,-4.2344105980110694e-07,1.5522067692547905e-08,-0.00015611758788692463
63.052614500000345,0.0,0.0,0.0,-4.2350308207292637e-07,1.5530417141060716e-08,-0.00015613094116000967
63.10245049999867,0.0,0.0,0.0,-4.2356514453215055e-07,1.553879100178295e-08,-0.00015614431139426014
63.15198310000051,0.0,0.0,0.0,-4.2362730237102817e-07,1.5546775576528616e-08,-0.00015615769827878742
63.203844700001355,0.0,0.0,0.0,-4.236894733214859e-07,1.5554717800901225e-08,-0.00015617110184592309
63.25080480000179,0.0,0.0,0.0,-4.237517274015742e-07,1.5562504002437155e-08,-0.00015618452212208127
63.30254699999932,0.0,0.0,0.0,-4.2381402478982786e-07,1.557002316670706e-08,-0.0001561979588741047
63.35273389999929,0.0,0.0,0.0,-4.238763728508858e-07,1.55774508739553e-08,-0.00015621141229442694
63.4041169000011,0.0,0.0,0.0,-4.239387446564045e-07,1.558475601551619e-08,-0.00015622488220090543
63.45132100000046,0.0,0.0,0.0,-4.240012167319119e-07,1.5591809277912146e-08,-0.00015623836860540917
63.50129300000117,0.0,0.0,0.0,-4.2406370328518026e-07,1.5598728846165813e-08,-0.00015625187143980773
63.55212549999851,0.0,0.0,0.0,-4.2412628096739387e-07,1.560548311417953e-08,-0.00015626539068675334
63.60170030000154,0.0,0.0,0.0,-4.2418887915652745e-07,1.5612074671507546e-08,-0.00015627892627379745
63.653217200000654,0.0,0.0,0.0,-4.2425152597522226e-07,1.5618469946647296e-08,-0.00015629247814487047
63.702497800000856,0.0,0.0,0.0,-4.243142701839796e-07,1.5624781889890034e-08,-0.00015630604628477386
63.75074390000009,0.0,0.0,0.0,-4.2437700847068064e-07,1.5630824536979035e-08,-0.00015631963065011623
63.802506700001686,0.0,0.0,0.0,-4.244398219672817e-07,1.5636817319853753e-08,-0.0001563332313081188
63.853766899999755,0.0,0.0,0.0,-4.24502693885337e-07,1.5642573522779804e-08,-0.00015634684802601171
63.90202370000043,0.0,0.0,0.0,-4.245655897153332e-07,1.564819779091836e-08,-0.00015636048086434598
63.95190569999977,0.0,0.0,0.0,-4.2462855268731424e-07,1.5653718727044866e-08,-0.00015637412981442167
64.00291800000196,0.0,0.0,0.0,-4.246915755188287e-07,1.565897203472698e-08,-0.00015638779484530784
64.05258039999899,0.0,0.0,0.0,-4.2475463223199487e-07,1.5664128777834238e-08,-0.0001564014759154349
64.10176779999892,0.0,0.0,0.0,-4.248177538847343e-07,1.5669101917222817e-08,-0.00015641517283488011
64.15181020000091,0.0,0.0,0.0,-4.2488089256060736e-07,1.5673940719046473e-08,-0.00015642888565283537
64.20216509999955,0.0,0.0,0.0,-4.24944104405645e-07,1.567862486004375e-08,-0.0001564426144473557
64.25212680000186,0.0,0.0,0.0,-4.250073935172915e-07,1.56831007471253e-08,-0.00015645635891208505
64.30277159999969,0.0,0.0,0.0,-4.2507067830453736e-07,1.5687442339259422e-08,-0.00015647011923847356
64.3505828999987,0.0,0.0,0.0,-4.251340457978895e-07,1.5691700205000376e-08,-0.00015648389547632432
64.40173309999955,0.0,0.0,0.0,-4.251974539966973e-07,1.569566998062582e-08,-0.0001564976872777521
64.45156530000168,0.0,0.0,0.0,-4.252608887235907e-07,1.5699560544075315e-08,-0.00015651149478664638
64.50344259999838,0.0,0.0,0.0,-4.253243953706894e-07,1.5703407326966496e-08,-0.00015652531808711193
64.55256839999856,0.0,0.0,0.0,-4.25387960289806e-07,1.5706841476481297e-08,-0.0001565391569093974
64.60302090000187,0.0,0.0,0.0,-4.2545153197224425e-07,1.5710325217037308e-08,-0.00015655301132322272
64.65207240000018,0.0,0.0,0.0,-4.255152096776622e-07,1.5713624705813788e-08,-0.00015656688124855803
64.70182919999934,0.0,0.0,0.0,-4.2557889028882286e-07,1.5716685010126153e-08,-0.00015658076662233475
64.75061060000007,0.0,0.0,0.0,-4.256426111624207e-07,1.5719679177066955e-08,-0.00015659466752075305
64.80104950000168,0.0,0.0,0.0,-4.257064137691609e-07,1.5722562420548898e-08,-0.00015660858384813897
64.85157990000152,0.0,0.0,0.0,-4.257702398432477e-07,1.572515963219238e-08,-0.00015662251558195948
64.90378490000148,0.0,0.0,0.0,-4.258341261297367e-07,1.572769049887611e-08,-0.00015663646277829066
64.95088659999965,0.0,0.0,0.0,-4.258980530991948e-07,1.573003499242148e-08,-0.00015665042519537808
65.00250529999903,0.0,0.0,0.0,-4.259620247712734e-07,1.5732226344240547e-08,-0.00015666440286475218
65.05315360000168,0.0,0.0,0.0,-4.2602603039948806e-07,1.5734335813461694e-08,-0.00015667839584016684
65.10279540000192,0.0,0.0,0.0,-4.2609008384673644e-07,1.573628105239414e-08,-0.00015669240408489935
65.1541819999984,0.0,0.0,0.0,-4.2615420598511625e-07,1.573804847835299e-08,-0.00015670642744678595
65.20081109999956,0.0,0.0,0.0,-4.262183660179055e-07,1.5739644916775608e-08,-0.00015672046594109962
65.25303070000155,0.0,0.0,0.0,-4.2628254798846887e-07,1.574114601896686e-08,-0.00015673451959353346
65.30204619999859,0.0,0.0,0.0,-4.263467955839121e-07,1.5742484774635018e-08,-0.00015674858831059751
65.35300600000119,0.0,0.0,0.0,-4.2641109309928344e-07,1.5743690149478636e-08,-0.00015676267207395876
65.40262390000134,0.0,0.0,0.0,-4.2647541508436176e-07,1.5744666677537567e-08,-0.00015677677078436046
65.45087209999838,0.0,0.0,0.0,-4.265397888297936e-07,1.5745667527925094e-08,-0.00015679088462844617
65.50161630000002,0.0,0.0,0.0,-4.266042221543514e-07,1.574632597796615e-08,-0.00015680501331700596
65.55330529999992,0.0,0.0,0.0,-4.266686776869581e-07,1.5747035409072993e-08,-0.00015681915699922763
65.60160339999857,0.0,0.0,0.0,-4.267332051784727e-07,1.5747440028448703e-08,-0.00015683331546262197
65.65208699999857,0.0,0.0,0.0,-4.267977442561655e-07,1.5747751232884886e-08,-0.00015684748881734971
65.70118999999977,0.0,0.0,0.0,-4.268623433438509e-07,1.574798872185528e-08,-0.00015686167700963618
65.75420400000075,0.0,0.0,0.0,-4.269269822087152e-07,1.574799916988247e-08,-0.00015687587991350464
65.80230920000031,0.0,0.0,0.0,-4.269916535063675e-07,1.574790493174086e-08,-0.0001568900976504262
65.85182150000037,0.0,0.0,0.0,-4.270563885984122e-07,1.5747739012414746e-08,-0.00015690433012515407
65.90165429999979,0.0,0.0,0.0,-4.2712117266333283e-07,1.5747259287292524e-08,-0.00015691857720504673
65.95223679999981,0.0,0.0,0.0,-4.2718594725969375e-07,1.5746826114649866e-08,-0.00015693283909119085
66.00236719999884,0.0,0.0,0.0,-4.2725083350013714e-07,1.5746169598912587e-08,-0.00015694711542978796
66.05141889999868,0.0,0.0,0.0,-4.2731572460905485e-07,1.5745321758937854e-08,-0.00015696140643227434
66.10129640000014,0.0,0.0,0.0,-4.273806296257718e-07,1.5744509045826298e-08,-0.0001569757120921755
66.15216969999892,0.0,0.0,0.0,-4.2744561558827207e-07,1.5743428851202462e-08,-0.0001569900322603628
66.20259879999867,0.0,0.0,0.0,-4.27510654722626e-07,1.5742216814145886e-08,-0.00015700436697760065
66.25290550000136,0.0,0.0,0.0,-4.2757571314529615e-07,1.574087741493634e-08,-0.0001570187160563076
66.30392479999864,0.0,0.0,0.0,-4.276408084316152e-07,1.5739408469659997e-08,-0.0001570330796397135
66.35215260000041,0.0,0.0,0.0,-4.277059532925307e-07,1.573782759782142e-08,-0.00015704745766167202
66.40206810000018,0.0,0.0,0.0,-4.277711558475198e-07,1.5736094660990187e-08,-0.0001570618500289494
66.45141579999836,0.0,0.0,0.0,-4.278363514725473e-07,1.5734225645751505e-08,-0.00015707625678181052
66.50160980000146,0.0,0.0,0.0,-4.279016264146629e-07,1.5732284485600315e-08,-0.0001570906779935127
66.55077589999928,0.0,0.0,0.0,-4.279669420225364e-07,1.5730097881288442e-08,-0.00015710511336969836
66.60195089999979,0.0,0.0,0.0,-4.2803227465133545e-07,1.572788394651794e-08,-0.00015711956318888458
66.65181030000167,0.0,0.0,0.0,-4.2809767282602987e-07,1.5725493244393025e-08,-0.0001571340271831336
66.70122700000138,0.0,0.0,0.0,-4.2816310499007593e-07,1.572293263208371e-08,-0.00015714850534457851
66.75154090000069,0.0,0.0,0.0,-4.2822857229325305e-07,1.572034436896563e-08,-0.00015716299778374893
66.80145279999851,0.0,0.0,0.0,-4.2829408735148747e-07,1.571747491449467e-08,-0.00015717750425808786
66.85301450000043,0.0,0.0,0.0,-4.283596248545585e-07,1.571463336568006e-08,-0.00015719202497609753
66.90238559999852,0.0,0.0,0.0,-4.28425200691178e-07,1.5711612889389317e-08,-0.00015720655978448378
66.95000100000107,0.0,0.0,0.0,-4.284908434551377e-07,1.570841556477297e-08,-0.00015722110867300671
67.00130139999965,0.0,0.0,0.0,-4.2855650330058837e-07,1.5705117138903436e-08,-0.00015723567165397949
67.05247840000084,0.0,0.0,0.0,-4.286222174573849e-07,1.5701697294359133e-08,-0.00015725024858402815
67.10124709999945,0.0,0.0,0.0,-4.286879452391588e-07,1.5698187490783595e-08,-0.00015726483957974688
67.15103539999836,0.0,0.0,0.0,-4.287537345904649e-07,1.569453183174682e-08,-0.0001572794445788295
67.20154049999837,0.0,0.0,0.0,-4.2881955141680565e-07,1.569071265367023e-08,-0.00015729406350378154
67.25352930000008,0.0,0.0,0.0,-4.288854192843407e-07,1.5686805287318947e-08,-0.00015730869629853578
67.30167939999956,0.0,0.0,0.0,-4.2895130787178983e-07,1.5682794537392122e-08,-0.00015732334312484604
67.34988739999972,0.0,0.0,0.0,-4.290172297108084e-07,1.56786357506011e-08,-0.0001573380038462776
67.4017473999993,0.0,0.0,0.0,-4.290832050019116e-07,1.567434653141685e-08,-0.00015735267842120345
67.4519337999991,0.0,0.0,0.0,-4.291492193134676e-07,1.5669949165130705e-08,-0.0001573673668557487
67.50474369999938,0.0,0.0,0.0,-4.2921524541651345e-07,1.566547934019542e-08,-0.00015738206912181227
67.55116590000034,0.0,0.0,0.0,-4.29281319687733e-07,1.5660883592580613e-08,-0.0001573967852894985
67.60300149999966,0.0,0.0,0.0,-4.293474648785116e-07,1.5656072705511292e-08,-0.000157411515134826
67.65126389999932,0.0,0.0,0.0,-4.2941359867495297e-07,1.5651213767654797e-08,-0.00015742625868825984
67.70289350000166,0.0,0.0,0.0,-4.294798210126439e-07,1.564621296408809e-08,-0.00015744101602779755
67.75072269999873,0.0,0.0,0.0,-4.295460527531419e-07,1.5641075064634968e-08,-0.00015745578698382292
67.80175070000041,0.0,0.0,0.0,-4.296122960788079e-07,1.5635886787788097e-08,-0.00015747057169937493
67.85480539999844,0.0,0.0,0.0,-4.2967860781753004e-07,1.563053444351832e-08,-0.00015748537007522246
67.90824069999871,0.0,0.0,0.0,-4.2974493790722305e-07,1.5625069382171818e-08,-0.0001575001820874936
67.95076730000073,0.0,0.0,0.0,-4.298113371415956e-07,1.5619520215200757e-08,-0.00015751500779315463
68.00209750000067,0.0,0.0,0.0,-4.2987774735478956e-07,1.5613784853374224e-08,-0.00015752984696733083
68.05137240000113,0.0,0.0,0.0,-4.299441898282872e-07,1.5607996629578283e-08,-0.00015754469973134879
68.1027834000015,0.0,0.0,0.0,-4.3001068121171727e-07,1.5602084257594045e-08,-0.00015755956606419832
68.15087910000148,0.0,0.0,0.0,-4.30077176788809e-07,1.5596068119608104e-08,-0.0001575744459873469
68.19996270000047,0.0,0.0,0.0,-4.3014375769542515e-07,1.5589965350699488e-08,-0.00015758933946355836
68.252766900001,0.0,0.0,0.0,-4.3021033265128636e-07,1.558364993073455e-08,-0.00015760424643967335
68.30204869999943,0.0,0.0,0.0,-4.302769561562716e-07,1.5577332435696415e-08,-0.000157619166922651
68.3530228999989,0.0,0.0,0.0,-4.303436367765945e-07,1.5570815083531102e-08,-0.00015763410076316195
68.40042919999905,0.0,0.0,0.0,-4.304102973922285e-07,1.5564265012332675e-08,-0.00015764904812097077
68.45101179999983,0.0,0.0,0.0,-4.304770339513154e-07,1.5557619421483658e-08,-0.000157664008951989
68.50092349999977,0.0,0.0,0.0,-4.305438040935853e-07,1.555080517351903e-08,-0.00015767898314633124
68.5558463999987,0.0,0.0,0.0,-4.306105843940244e-07,1.5543920136165156e-08,-0.0001576939707303244
68.6018096000007,0.0,0.0,0.0,-4.3067743414295613e-07,1.553691729529143e-08,-0.0001577089717246358
68.65410459999839,0.0,0.0,0.0,-4.307442912445249e-07,1.552976371876496e-08,-0.00015772398603241606
68.70097370000076,0.0,0.0,0.0,-4.308112070472853e-07,1.552258116878616e-08,-0.00015773901370351467
68.75252370000089,0.0,0.0,0.0,-4.308781449975471e-07,1.5515176565741018e-08,-0.0001577540545880748
68.80248890000075,0.0,0.0,0.0,-4.3094508556698304e-07,1.5507794495000168e-08,-0.00015776910887936238
68.85071410000091,0.0,0.0,0.0,-4.310120966090346e-07,1.5500296752644435e-08,-0.00015778417647764633
68.90233950000038,0.0,0.0,0.0,-4.3107913973963173e-07,1.5492621324276214e-08,-0.00015779925731845035
68.95186380000087,0.0,0.0,0.0,-4.311461919645038e-07,1.548491498115791e-08,-0.000157814351463973
69.00187970000115,0.0,0.0,0.0,-4.312133113630281e-07,1.5477026176260633e-08,-0.00015782945876887392
69.05017479999879,0.0,0.0,0.0,-4.312804435446795e-07,1.546905756189752e-08,-0.00015784457934847965
69.10007150000092,0.0,0.0,0.0,-4.313476148216694e-07,1.5461040001398377e-08,-0.00015785971317218656
69.15097660000174,0.0,0.0,0.0,-4.31414822669372e-07,1.5452868844156192e-08,-0.00015787485999637724
69.20202929999869,0.0,0.0,0.0,-4.314820366433572e-07,1.54446468917819e-08,-0.00015789002019058658
69.2519140000004,0.0,0.0,0.0,-4.315493106269727e-07,1.5436333629388583e-08,-0.0001579051935814424
69.30134109999926,0.0,0.0,0.0,-4.316165879840987e-07,1.542785378467457e-08,-0.00015792038008416337
69.35179050000079,0.0,0.0,0.0,-4.316839297900415e-07,1.5419371429528664e-08,-0.00015793557978577627
69.40219150000121,0.0,0.0,0.0,-4.3175129966134065e-07,1.5410691169624e-08,-0.00015795079254107331
69.45063930000106,0.0,0.0,0.0,-4.318186881499045e-07,1.5401979798586803e-08,-0.00015796601846406708
69.50058440000066,0.0,0.0,0.0,-4.31886127001603e-07,1.539313698373299e-08,-0.00015798125741874977
69.55076120000012,0.0,0.0,0.0,-4.3195356452727077e-07,1.5384247605367926e-08,-0.0001579965095552088
69.60233530000187,0.0,0.0,0.0,-4.320210621680789e-07,1.537518904376647e-08,-0.00015801177474409202
69.64972399999897,0.0,0.0,0.0,-4.320885664151528e-07,1.53661348282147e-08,-0.0001580270530239776
69.70037600000069,0.0,0.0,0.0,-4.321561242970018e-07,1.535694259975351e-08,-0.0001580423443988655
69.75164009999935,0.0,0.0,0.0,-4.322237194943061e-07,1.5347572120995092e-08,-0.00015805764862126886
69.80320410000058,0.0,0.0,0.0,-4.322913280792596e-07,1.5338239390606413e-08,-0.00015807296601057553
