t,x,y,theta
0.5561173999994935,-2.0948869007850144,-5.7568955878627867e-05,-5.3025583724529e-05
0.5806029999985185,-2.0948906798994167,-6.133806450543692e-05,-7.722054453169179e-05
0.6302982999986853,-2.094889290018702,-5.8489288317420504e-05,-9.466453598284396e-05
0.6790455000009388,-2.094906481069118,-5.4169703490302344e-05,-0.00011463122552940115
0.7303638000012143,-2.094925618606968,-4.864004168985031e-05,-0.00013056589622087645
0.7779657999999472,-2.094938293143735,-4.557733069701225e-05,-0.00014962215010463168
0.8305795999986003,-2.09495829775375,-4.411467974738503e-05,-0.00017232991930947675
0.8791582999983802,-2.09497875067248,-4.1634321570704785e-05,-0.00021279525600748813
0.9355708000002778,-2.094994834778231,-3.965035547026142e-05,-0.0002505634092059108
0.9842586000013398,-2.0950110044407246,-3.630415385478961e-05,-0.00029032421880784024
1.0356525999995938,-2.095028439208748,-3.536994451043813e-05,-0.0003262480619305705
1.0811256999986654,-2.095055157296862,-3.2804994902522596e-05,-0.00036555421981773664
1.127455199999531,-2.095071531706537,-2.9925395324368346e-05,-0.0004002206097200279
1.1783813000001828,-2.0950876262375013,-2.752112826085066e-05,-0.0004357886340764089
1.2290758000017377,-2.095100539496737,-2.6808257820150383e-05,-0.00044492415709511727
1.286944499999663,-2.0951218559264797,-2.4845175492400153e-05,-0.0004749871463507316
1.3288376000018616,-2.0951353733480227,-2.512902056642888e-05,-0.000484480822567619
1.3802909000005457,-2.0951426780450473,-2.6672434213001775e-05,-0.0005014158603543328
1.4311211999993247,-2.0951443086013577,-2.337114127586864e-05,-0.0005107558936287299
1.480427200000122,-2.0951580459166594,-2.1605431193344726e-05,-0.0005215857735375917
1.528819700000895,-2.0951730257411905,-2.0800612570250527e-05,-0.0005308711072600195
1.578492799999367,-2.095180962427263,-2.081478022153618e-05,-0.0005392588250363987
1.631504799999675,-2.0951998759324573,-1.8882411519645224e-05,-0.0005464096593337743
1.6854984999990847,-2.095208503072862,-1.9908523435988404e-05,-0.0005528031566991598
1.7309611000018776,-2.0952190922993355,-2.0419411312903596e-05,-0.0005582550505453989
1.7827853999988292,-2.095232232751033,-1.8357715305350637e-05,-0.0005645997463946381
1.8297113000007812,-2.095244419585245,-1.6289516721996967e-05,-0.0005634979611049256
1.8799923000005947,-2.095251939113171,-1.7203863384616853e-05,-0.0005784667185652228
1.9297288000016124,-2.0952684449465,-1.5907627225144292e-05,-0.000603091717513118
1.9816911999987497,-2.0952933045909274,-1.385245029854789e-05,-0.0006414335561647145
2.029218100000435,-2.0953142068524344,-1.164765935733784e-05,-0.0006799456312815808
2.0822713999987172,-2.0953314048940017,-1.0189944335453149e-05,-0.0007114202570761841
2.1295162999995227,-2.09534343240525,-7.878572028259544e-06,-0.0007445622000111241
2.1783662999987428,-2.095358189506725,-6.1679836523379785e-06,-0.0007601543500231552
2.230618500001583,-2.0953604966707573,-7.011075610306782e-06,-0.0007674273972226685
2.2838947999989614,-2.0953865327192074,-5.6493306986503295e-06,-0.000779975705180804
2.3311662999985856,-2.0954032807514977,-2.7403189055003162e-06,-0.0007977532717251194
2.3814526999994996,-2.0954063220248402,-1.0192249717666156e-06,-0.0008134740153993761
2.429885800000193,-2.0954209726590287,-1.8138776737325507e-08,-0.0008236913504511586
2.479153700001916,-2.0954328036470584,-1.8306181353089715e-06,-0.0008353396193794625
2.53342419999899,-2.0954582994490907,-1.5815314148007598e-06,-0.0008611722378974238
2.5866042000016023,-2.095470240713758,-4.4792800227320483e-07,-0.0008922864388298626
2.6324878000013996,-2.0954903972771457,-1.1616993583444136e-07,-0.0009229454602276607
2.6801253000012366,-2.0955063268789487,1.2544871520723612e-06,-0.0009513031412736635
2.7310604000012972,-2.095523038752048,3.023832805784145e-06,-0.0009841743773933611
2.7801994000001287,-2.09553966067761,3.298534907849389e-06,-0.0010140597366053166
2.8326448000007076,-2.09555741478352,3.468553219320976e-06,-0.0010499099151868169
2.8842930999999226,-2.095567779634157,4.082038078317442e-06,-0.0010812065741609297
2.9288530999983777,-2.0955889458611816,5.927733100763151e-06,-0.0011014326348359072
2.982158700000582,-2.095600654982386,1.0518860517766935e-05,-0.0011189519049730617
3.032258700000966,-2.0956153251164356,1.3476701717113706e-05,-0.0011294886243511484
3.0790808999990986,-2.095628503608886,1.7230590122589632e-05,-0.0011280277562735282
3.128778800000873,-2.0956346417328344,1.9067302095571657e-05,-0.0011308840348146405
3.1801639000004798,-2.0956500395554984,2.1684388661144495e-05,-0.0011336051868963853
3.232006900001579,-2.095662356498638,2.249336128101854e-05,-0.0011453037435274725
3.2878864999984216,-2.0956731982559655,2.3309248152551645e-05,-0.001150222704997008
3.336005600001954,-2.095685115835858,2.4678451071321597e-05,-0.0011513975842580427
3.3804803999992146,-2.095698691939481,2.4732317199385854e-05,-0.001163667340307976
3.428960699999152,-2.0957108348249918,2.4699199646939983e-05,-0.0011813632321798564
3.480507000000216,-2.0957198966413864,2.3649454090562485e-05,-0.0012012406240797418
3.529232500000944,-2.0957385851788044,2.4918480337156952e-05,-0.0012281372873806206
3.581321099998604,-2.0957577669085254,2.5605869463771765e-05,-0.0012459165518618153
3.6304525999985344,-2.0957673551773475,2.6380907030807472e-05,-0.0012646496161116635
3.679064500000095,-2.0957826108561664,2.698703106989109e-05,-0.001288870038807437
3.7279118000005838,-2.09579660932898,2.7213482473180892e-05,-0.001315879195160306
3.780059299999266,-2.0958147041823247,2.7774510312556357e-05,-0.0013412901586770623
3.8309501000003365,-2.095829468542115,2.930768147761055e-05,-0.001375120935834714
3.879860400000325,-2.095840859877109,2.8937004179206607e-05,-0.0014062889668675438
3.9320813000013004,-2.09586252965851,2.90085059291286e-05,-0.001435438445620626
3.9797909000008076,-2.095879021616631,2.9780173727130422e-05,-0.0014633258168795342
4.030912300000637,-2.0958884232872785,2.9488911285520402e-05,-0.0014766905173971953
4.0773504999997385,-2.0958939341555305,2.9507395852701923e-05,-0.0015001372254372903
4.12921180000194,-2.0959130835255335,3.045590726502717e-05,-0.0015116609839291894
4.180130400000053,-2.0959265181585347,3.058775986219279e-05,-0.0015169487721077382
4.229933999999048,-2.0959357510592964,3.0001006778899195e-05,-0.0015230622584406792
4.28522779999912,-2.0959414742707034,2.9798833175262972e-05,-0.0015300459707584064
4.327759299998434,-2.0959551839879205,2.9163035232139013e-05,-0.0015323794056825652
4.379540099998849,-2.0959656517923433,2.8905342409456693e-05,-0.0015424701221949868
4.435603599999013,-2.095974332515902,2.8824062604803137e-05,-0.0015490396436804877
4.480485000000044,-2.095991400764497,2.8375191899638838e-05,-0.0015703010036532744
4.529809899999236,-2.0960061619572348,2.8307691915681907e-05,-0.0015937974984141653
4.577318200001173,-2.0960245268295634,2.9572655874793784e-05,-0.0016156415819764559
4.628261099998781,-2.0960482541593377,3.0688508927358116e-05,-0.0016354151379166454
4.680600499999855,-2.0960669767430566,3.179363655104834e-05,-0.0016757560530472077
4.729010899998684,-2.096071941619287,2.965220480025193e-05,-0.0016893739872117476
4.778136500000983,-2.096086985380013,2.845142739988666e-05,-0.0017010199082368978
4.829124600000796,-2.0961122645540917,2.772703139126959e-05,-0.0017320791835091919
4.878643000000011,-2.0961283072296983,2.927635638004559e-05,-0.0017645472537503799
4.927405499998713,-2.096143264727429,2.90954066116411e-05,-0.0017872612821759157
4.985908800001198,-2.0961543702986303,3.196162169386177e-05,-0.0017836160096208055
5.02838999999949,-2.09616504049334,3.4876816285450417e-05,-0.0017925479684260002
5.078450299999531,-2.0961799830451744,3.8549082816631075e-05,-0.0017963722587363052
5.137748100001772,-2.096190897444113,3.988083686774093e-05,-0.0018070726105985525
5.17943920000107,-2.096215140431806,3.903238305291043e-05,-0.0018397203476414354
5.231004000001121,-2.0962321198758196,3.967878954927597e-05,-0.0018777630643976168
5.2792588000011165,-2.096253878170633,4.2342414480117e-05,-0.001911245204709356
5.329119400001218,-2.0962660859660347,4.5016298470567466e-05,-0.0019411754850590683
5.379180100000667,-2.096285359050194,4.874319523568417e-05,-0.001954459246247651
5.428078100001585,-2.0963028505895207,5.254354976581608e-05,-0.001977368979096684
5.477481900001294,-2.096317184068576,5.5600001798476905e-05,-0.002001896761853044
5.53032919999896,-2.0963371182129844,5.825641764700116e-05,-0.0020293044246856664
5.5801778999993985,-2.096347815598521,6.0021361925551744e-05,-0.0020485122545806115
5.6302284999983385,-2.0963654397757194,6.359810619405616e-05,-0.0020658796835333385
5.6813218999996025,-2.0963790461378196,6.469806483385e-05,-0.0020866916880052325
5.73304300000018,-2.0964004293120704,6.810514431381178e-05,-0.002108310674981807
5.7816015999997035,-2.0964172540356736,7.126853592443907e-05,-0.0021293132105579286
5.831558800000494,-2.0964321364306415,7.375709914731151e-05,-0.0021545321763658263
5.879085100001248,-2.0964502671825054,7.691344953962601e-05,-0.0021750396413336122
5.932924299999286,-2.0964736515161633,7.962003093375018e-05,-0.0021982727774189532
5.98765210000056,-2.0964889311148895,8.104085844979592e-05,-0.0022212768364541753
6.032412100001238,-2.096507417533591,8.221477304938303e-05,-0.0022423896672814757
6.085313600000518,-2.0965198930736815,8.451100189615015e-05,-0.0022363741880384053
6.132684399999562,-2.0965222015743064,8.549034441769572e-05,-0.002253636902651557
6.18570439999894,-2.096540128148939,8.612202199202269e-05,-0.002274141512857812
6.233754799999588,-2.0965628708515913,8.634122163567377e-05,-0.002289482665960121
6.2796903000016755,-2.096572489323147,8.83233035310317e-05,-0.002310618686857104
6.330788300001586,-2.096589589032974,9.088190988116061e-05,-0.002334613069685801
6.385012899998401,-2.0966065339697146,9.405889012911389e-05,-0.0023559169521907347
6.430257200001506,-2.0966137227408312,9.46617545262043e-05,-0.0023708086891439184
6.479385300001013,-2.0966232829857727,9.58162485473705e-05,-0.00238384918093391
6.5299034000017855,-2.0966379792727574,9.675417232784615e-05,-0.0023988043915714927
6.579667000001791,-2.0966499594678014,9.598906620644871e-05,-0.002404329441772473
6.627548899999965,-2.096660691909869,9.650238896562172e-05,-0.002412572376039076
6.680261400000745,-2.096669255209889,9.686791903115965e-05,-0.0024263544151160695
6.730874000000767,-2.0966831595581454,9.896406140519859e-05,-0.0024540798215437316
6.779462400001648,-2.0967066952326734,0.00010141323402203106,-0.00248889206877611
6.8328051999997115,-2.096728500609782,0.00010396166051759247,-0.0025222206330725435
6.879759999999806,-2.0967462231056,0.00010579167043901357,-0.0025464048945232636
6.927709999999934,-2.0967566533756474,0.0001060265073130776,-0.0025585428687805445
6.978003600001102,-2.0967668008323774,0.00010735843504546252,-0.002571975124617952
7.0305200000002515,-2.0967853110759327,0.00010799750531124424,-0.0025786512573394487
7.077287600001,-2.096803225679641,0.00010979561598928019,-0.002598879265011341
7.138578099998995,-2.096812736904263,0.00010853908552755464,-0.002613957138864691
7.179645000000164,-2.096828327635449,0.00011007500092050505,-0.0026245677799840417
7.232958000000508,-2.096841010375266,0.00011417558593464065,-0.0026372639833349486
7.285790300000372,-2.096848075245148,0.00011685548731709205,-0.002640095598032709
7.329314099999465,-2.0968669091677254,0.00012075043544964945,-0.0026577215138559327
7.37961820000055,-2.096882296127742,0.00011931849786712425,-0.002682404098409214
7.435380700000678,-2.096893025743259,0.00011943759073410351,-0.0027091387835288996
7.490139400000771,-2.096914890885376,0.00012047214124988868,-0.002729823784214818
7.537365600001067,-2.0969332108664416,0.00012113432969151593,-0.0027682203136639655
7.587045100000978,-2.0969486900418866,0.00012086649132416454,-0.0027978704458737473
7.637430599999789,-2.0969606319526877,0.00012084398499293083,-0.00283030684871939
7.687249400001747,-2.096982764766468,0.00012246012573279892,-0.002862103788898767
7.741031000001385,-2.0970021528377,0.00012538563385502177,-0.0028851663369229476
7.787264999999024,-2.0970171490406697,0.00012551398043613032,-0.0029149251274682934
7.837939299999562,-2.09702864757747,0.00013060619706759636,-0.002931372267813243
7.893266999999469,-2.0970376177905403,0.00013014767247560347,-0.002936697968145623
7.9390013000011095,-2.0970465893903825,0.00013186505092900445,-0.0029449124135066157
7.9811355999991065,-2.0970466577841314,0.0001297922007319577,-0.002950234168760722
8.02997840000171,-2.0970645078245265,0.0001316843813990108,-0.002959128011449635
32.8827526999994,-2.0970794260085275,0.00013253044990337975,-0.0029678976931640125
32.903258400001505,-2.097093670011165,0.000132745194672016,-0.0029813519194863795
32.95125800000096,-2.097112759436392,0.0001336808015845881,-0.0029983789633443304
33.00225320000027,-2.0971189347710535,0.00013528568972700377,-0.003007062912268555
33.05213469999944,-2.0971307076628865,0.00013656204482991597,-0.0030137582523967355
33.10395559999961,-2.0971337515542348,0.00013584366023392926,-0.003021132445634161
33.152150599999004,-2.0971444197107325,0.0001370485766321073,-0.0030252080888913207
33.202049700001226,-2.097158181733154,0.00013516740717821378,-0.003033380512821794
33.25243709999995,-2.0971707426201593,0.00013528693324243248,-0.0030404147680737673
33.30203619999884,-2.0971836673991175,0.00013466377359223366,-0.00304774932784592
33.350057700001344,-2.0971949246724106,0.00013600290276623043,-0.0030572943193770187
33.4094628999992,-2.097210487075846,0.00013720300239064356,-0.0030792403738755104
33.45850910000081,-2.097224698726815,0.00013650710093022125,-0.003099076344199674
33.51088779999918,-2.097238989752629,0.0001403331635575808,-0.00311887001390594
33.5594216999998,-2.0972528636314283,0.00014266038264608457,-0.003138570008315883
33.60931250000067,-2.0972670821668404,0.0001443757388347856,-0.0031527722757953443
33.65863639999952,-2.0972752753044803,0.00014507024113047463,-0.003157076543806221
33.71101429999908,-2.097294746706927,0.00014711913140788127,-0.00318118902349365
33.75977749999947,-2.09730267239017,0.00014835926132940842,-0.003196718663133458
33.80792880000081,-2.0973258946435354,0.00015224194487230915,-0.003226712254839719
33.85889930000121,-2.0973397570233354,0.00015700607969658487,-0.003245158112221306
33.91016279999894,-2.097351394654333,0.00016066169535020798,-0.0032551852839020996
33.96107520000078,-2.0973634215028585,0.00016500234350987883,-0.0032690318856553476
34.00961349999852,-2.0973754186438245,0.0001669926152006405,-0.0032850017407520943
34.05907920000027,-2.0973839934356926,0.0001718228490264455,-0.003298555869680723
34.10767080000005,-2.097393310481647,0.00017530616967837876,-0.00330695087185785
34.16153800000029,-2.0974063996879604,0.0001774051369330029,-0.0033160355375958283
34.206849400001374,-2.0974193323068215,0.00017934876828113288,-0.0033252557657185524
34.25866700000188,-2.0974321774406754,0.00018128477275214407,-0.0033345019265718454
34.310589400000026,-2.097445042892171,0.00018322130898609234,-0.0033437529107867396
34.36055209999904,-2.097457908883461,0.0001851582249262375,-0.003353004829323533
34.40981610000017,-2.097470774168493,0.0001870954223537259,-0.003362257099130052
34.45777430000089,-2.0974836396932384,0.000189032837581552,-0.0033715100361837746
34.50774620000084,-2.097496505389867,0.0001909704547225838,-0.0033807637834909615
34.558911799998896,-2.0975093712389805,0.00019290827424412452,-0.00339001837394347
34.61106220000147,-2.0975222372468174,0.00019484629712834763,-0.0033992738137275124
34.659510800000135,-2.097535103413173,0.0001967845237161826,-0.003408530103013558
34.709866500001226,-2.0975479697377217,0.00019872295408571015,-0.003417787241249222
34.759105699999054,-2.097560836220423,0.00020066158822594545,-0.003427045228075986
34.80987390000155,-2.097573702861223,0.00020260042610943286,-0.0034363040632472207
34.860610700001416,-2.097586569660066,0.00020453946770638214,-0.003445563746550598
34.90917030000128,-2.0975994366168966,0.00020647871298710567,-0.003454824277784016
34.95918050000182,-2.0976123037316583,0.00020841816192311287,-0.0034640856567503746
35.01153780000095,-2.097625171004295,0.00021035781448486792,-0.0034733478832560385
35.05962809999983,-2.097638038434754,0.00021229767064547943,-0.003482610957102672
35.108902600000874,-2.0976509060229835,0.00021423773037735307,-0.003491874878086335
35.16026540000166,-2.0976637737689297,0.00021617799365244262,-0.003501139646002909
35.21025930000178,-2.09767664167254,0.00021811846044344157,-0.003510405260652568
35.258094699998765,-2.097689509733758,0.00022005913072253646,-0.003519671721831099
35.30888359999881,-2.097702377952534,0.0002220000044635882,-0.003528939029340906
35.359790300000896,-2.097715246328817,0.0002239410816397206,-0.003538207182978364
35.4090314999994,-2.097728114862555,0.00022588236222458442,-0.0035474761825336383
35.460801100001845,-2.097740983553698,0.00022782384619127603,-0.003556746027805839
35.50779980000152,-2.097753852402193,0.00022976553351403907,-0.0035660167185875054
35.558579000000464,-2.09776672140799,0.00023170742416687819,-0.0035752882546798035
35.61102640000172,-2.097779590571038,0.0002336495181233733,-0.003584560635875995
35.661967700001696,-2.097792459891291,0.00023559181535934862,-0.0035938338619666867
35.70869609999863,-2.0978053293687,0.00023753431584980672,-0.0036031079327376596
35.76030620000165,-2.097818199003215,0.00023947701956943888,-0.003612382847985335
35.807398799999646,-2.0978310687947856,0.00024141992649238153,-0.0036216586075042386
35.85968009999851,-2.0978439387433623,0.00024336303659332282,-0.003630935211089772
35.9086137000013,-2.097856808848899,0.0002453063498486215,-0.003640212658528103
35.958246000001964,-2.09786967911135,0.00024724986623468495,-0.0036494909496110972
36.008419400001,-2.0978825495306674,0.00024919358572696713,-0.0036587700841224113
36.060721199999534,-2.0978954201068025,0.00025113750830118897,-0.0036680500618552154
36.1073948000012,-2.09790829083971,0.00025308163393429167,-0.003677330882600275
36.158713400000124,-2.097921161729345,0.0002550259626028191,-0.003686612546143769
36.209416099998634,-2.097934032775662,0.0002569704942833353,-0.0036958950522723594
36.25793429999976,-2.097946903978614,0.000258915228952252,-0.0037051784007724187
36.30925030000071,-2.097959775338157,0.00026086016658737846,-0.003714462591427162
36.35769459999938,-2.097972646854247,0.0002628053071659788,-0.00372374762402437
36.41036240000176,-2.0979855185268375,0.00026475065066445044,-0.0037330334983553468
36.45635119999861,-2.0979983903558885,0.00026669619706212245,-0.0037423202141954235
36.51001969999925,-2.098011262341356,0.0002686419463365346,-0.0037516077713284288
36.5568987000006,-2.0980241344831967,0.000270587898465848,-0.0037608961695380235
36.60850330000176,-2.0980370067813667,0.0002725340534280984,-0.0037701854086078968
36.658789299999626,-2.0980498792358238,0.00027448041120129807,-0.003779475488319724
36.70969210000112,-2.098062751846527,0.0002764269717649336,-0.00378876640845003
36.759038500000315,-2.098075624613436,0.00027837373509819136,-0.0037980581687772083
36.81043270000009,-2.0980884975365073,0.00028032070117912716,-0.003807350769090582
36.85658930000136,-2.098101370615701,0.0002822678699877453,-0.0038166442091659347
36.90996520000044,-2.098114243850975,0.00028421524150211853,-0.0038259384887825132
36.95806209999864,-2.098127117242291,0.00028616281570326054,-0.003835233607711996
37.008104399999866,-2.09813999078961,0.0002881105925714928,-0.003844529565731019
37.06028349999906,-2.0981528644928913,0.00029005857208605094,-0.003853826362614769
37.105877599999076,-2.0981657383520953,0.00029200675422655007,-0.0038631239981427048
37.16085920000114,-2.098178612367183,0.00029395513897321714,-0.0038724224720906083
37.20964699999968,-2.098191486538118,0.0002959037263075083,-0.0038817217842254986
37.25745839999945,-2.0982043608648633,0.00029785251621052504,-0.0038910219343197454
37.30771180000011,-2.098217235347378,0.00029980150866236823,-0.003900322922154125
37.360700400000496,-2.0982301099856286,0.00030175070364453575,-0.003909624747499892
37.40717479999876,-2.098242984779575,0.0003037001011377082,-0.003918927410132032
37.458968599999935,-2.0982558597291834,0.0003056497011242226,-0.003928230909810519
37.51226830000087,-2.0982687348344173,0.0003075995035857329,-0.0039375352463065115
37.56011900000158,-2.0982816100952393,0.0003095495085036727,-0.003946840419389998
37.607880799998384,-2.0982944855116137,0.0003114997158596563,-0.0039561464288293356
37.65995870000188,-2.098307361083505,0.0003134501256358055,-0.0039654532743986625
37.70824029999858,-2.0983202368108804,0.0003154007378150343,-0.003974760955855301
37.75945249999859,-2.0983331126937057,0.0003173515523799173,-0.003984069472962912
37.80866370000149,-2.0983459887319458,0.0003193025693124708,-0.003993378825496915
37.85816530000011,-2.098358864925566,0.0003212537885956039,-0.004002689013219734
37.90758619999906,-2.0983717412745344,0.0003232052102128132,-0.00401200003589363
37.95768070000122,-2.098384617778819,0.000325156834147784,-0.004021311893278237
38.01016230000096,-2.0983974944383865,0.0003271086603831394,-0.004030624585135586
38.05686810000043,-2.098410371253203,0.0003290606889025939,-0.004039938111231067
38.10895050000181,-2.098423248223237,0.0003310129196892952,-0.004049252471328786
38.15942290000021,-2.0984361253484574,0.0003329653527277011,-0.004058567665182639
38.21153889999914,-2.098449002628834,0.00033491798800258893,-0.0040678836925511445
38.2594351000007,-2.0984618800643364,0.0003368708254978236,-0.004077200553197437
38.30915539999842,-2.098474757654933,0.000338823865197572,-0.004086518246876038
38.359116799998446,-2.0984876354005917,0.00034077710708607195,-0.004095836773348041
38.41005139999834,-2.0985005133012846,0.00034273055114851427,-0.004105156132361697
38.45708300000115,-2.0985133838237076,0.00034468008542150964,-0.0041144711626554505
38.50817850000021,-2.0985262283482338,0.0003465860552265265,-0.004123944047291641
38.55735780000032,-2.098539151796589,0.0003486081037833568,-0.004133063523605015
38.61018989999866,-2.098552209090256,0.00035064008695490486,-0.004141420720692349
38.66089400000055,-2.0985652626283198,0.00035257553765021893,-0.004149699028914254
38.70902760000172,-2.0985783116778425,0.00035451001529922797,-0.004158058227625011
38.75717280000026,-2.0985913584751197,0.00035645669149184594,-0.004166455621625901
38.81046369999967,-2.0986044049147687,0.000358404899694575,-0.004174854840380678
38.857914000000164,-2.098617451312554,0.00036035292232456946,-0.0041832526427047975
38.90736630000174,-2.0986304977520254,0.000362300905968847,-0.004191650465980072
38.957789899999625,-2.0986435442056433,0.0003642490377396986,-0.0042000489829346595
39.00592920000054,-2.0986565906586536,0.0003661973636645089,-0.0042084482565217735
39.06304539999837,-2.0986696371116254,0.00036814588012584683,-0.004216848227450353
39.10734410000077,-2.0986826835677896,0.00037009458056481867,-0.004225248855620927
39.15644940000129,-2.098695730029858,0.0003720434622963268,-0.004233650120149879
39.20890309999959,-2.0987087765000494,0.0003739925243077977,-0.004242052005489067
39.26021000000037,-2.098721822980365,0.00037594176579581226,-0.004250454496735114
39.30952400000024,-2.0987348694727195,0.0003778911859395713,-0.004258857579217983
39.357434500001546,-2.098747915978949,0.00037984078389717145,-0.004267261238766486
39.40710400000171,-2.0987609625008172,0.00038179055887057375,-0.004275665461852494
39.45728220000092,-2.0987740090400075,0.00038374051008726603,-0.00428407023553946
39.51132770000186,-2.0987870555981365,0.00038569063682544335,-0.00429247554746557
39.55774949999977,-2.098800102176758,0.0003876409383914279,-0.004300881385714089
39.607161500000075,-2.0988131487773627,0.00038959141411337207,-0.004309287738863517
39.66025470000022,-2.0988261954013905,0.0003915420633552332,-0.004317694595918093
39.70960660000128,-2.0988392420502313,0.0003934928855057352,-0.004326101946278876
39.75818699999945,-2.098852288725219,0.0003954438799708298,-0.004334509779730891
39.80846759999986,-2.098865335427651,0.0003973950461889788,-0.004342918086380829
39.85826290000114,-2.0988783821587846,0.0003993463836110604,-0.004351326856648645
39.909286000001885,-2.098891428919834,0.0004012978917044978,-0.004359736081282216
39.95899060000011,-2.098904475711973,0.00040324956995644657,-0.004368145751342677
40.00854310000068,-2.0989175225363423,0.000405201417875738,-0.004376555858175212
40.057881100001396,-2.098930569394048,0.000407153434985262,-0.0043849663933477985
40.10676339999918,-2.098943616286171,0.000409105620826887,-0.00439337734867398
40.16169340000124,-2.0989566632137553,0.00041105797494080587,-0.0044017887162113465
40.2081356000017,-2.098969710177813,0.0004130104968943866,-0.004410200488303931
40.25853719999941,-2.098982757179335,0.0004149631862730986,-0.004418612657466128
40.311082299998816,-2.0989958042192867,0.00041691604266725426,-0.004427025216371193
40.36044789999869,-2.099008851298609,0.0004188690656768194,-0.004435438157901479
40.40926549999858,-2.0990218984182194,0.0004208222549106708,-0.004443851475124626
40.45639149999988,-2.0990349455790165,0.0004227756099961843,-0.004452265161281769
40.50793930000145,-2.099047992781871,0.00042472913056139665,-0.0044606792097689205
40.55865569999878,-2.0990610400276313,0.00042668281624875593,-0.004469093614200592
40.607556200000545,-2.0990740873171427,0.00042863666671888933,-0.004477508368244655
40.65780399999858,-2.0990871346512248,0.0004305906816241257,-0.004485923465712239
40.70674280000094,-2.0991001820306674,0.00043254486062321694,-0.0044943389006475536
40.75986510000075,-2.099113229456255,0.00043449920340229216,-0.004502754667178244
40.80583420000039,-2.099126276928753,0.00043645370964060827,-0.004511170759547356
40.857694999998785,-2.099139324448917,0.00043840837903314726,-0.00451958717210716
40.908861399999296,-2.09915237201748,0.00044036321126900005,-0.00452800389934244
40.959060500001215,-2.099165419635164,0.000442318206056816,-0.004536420935865104
41.009610500001145,-2.0991784673026745,0.00044427336310246587,-0.004544838276364283
41.05898750000051,-2.0991915150207108,0.00044622868212652574,-0.0045532559156513325
41.108253200000036,-2.0992045627899487,0.00044818416284070117,-0.0045616738486500006
41.160202999999456,-2.099217610611062,0.0004501398049836879,-0.004570092070357522
41.20808820000093,-2.099230658484706,0.00045209560828268883,-0.004578510575877418
41.257834100000764,-2.099243706411529,0.00045405157247791763,-0.004586929360364694
41.310367099998984,-2.0992567543921687,0.000456007697309859,-0.004595348419083195
41.357334500000434,-2.099269802427249,0.0004579639825222884,-0.004603767747382863
41.40832020000016,-2.099282850517384,0.0004599204278695793,-0.004612187340711821
41.457409599999664,-2.0992958986631765,0.00046187703310767906,-0.004620607194565261
41.50785879999967,-2.099308946865224,0.0004638337979998462,-0.004629027304522011
41.55532510000194,-2.0993219951241153,0.00046579072230642105,-0.004637447666243992
41.60842689999845,-2.099335043440422,0.0004677478057980626,-0.004645868275480582
41.658309200000076,-2.0993480918147167,0.00046970504825408194,-0.004654289127994172
41.70945660000143,-2.0993611402475514,0.000471662449437405,-0.004662710219656612
41.758267199998954,-2.09937418873948,0.00047362000913845807,-0.00467113154643328
41.810829199999716,-2.0993872372910483,0.00047557772714239076,-0.004679553104275822
41.856972000001406,-2.0994002859027896,0.0004775356032325958,-0.0046879748892369915
41.91029999999955,-2.0994133345752353,0.00047949363720240916,-0.0046963968973964725
41.958664400001,-2.09942638330891,0.0004814518288451316,-0.004704819124894975
42.007442099999025,-2.0994394321043304,0.0004834101779536982,-0.004713241567923937
42.057971800000814,-2.099452480962001,0.0004853686843247445,-0.004721664222774988
42.107410900000104,-2.099465529882424,0.0004873273477657699,-0.0047300870857493035
42.15686750000168,-2.099478578866095,0.0004892861680817366,-0.00473851015321337
42.20969600000171,-2.099491627913503,0.0004912451450787322,-0.00474693342156792
42.259356300000945,-2.0995046770251298,0.000493204278565558,-0.004755356887287299
42.30846699999893,-2.0995177262014524,0.0004951635683637009,-0.004763780546877324
42.35919859999922,-2.099530775442943,0.0004971230142844154,-0.004772204396846915
42.40837250000186,-2.0995438247500697,0.0004990826161421531,-0.004780628433794366
42.45851910000056,-2.0995568741232935,0.0005010423737574395,-0.004789052654350922
42.513480900001014,-2.0995699235630667,0.0005030022869535295,-0.0047974770552082395
42.55661540000074,-2.099582973069838,0.0005049623555578146,-0.0048059016330816
42.609601200001634,-2.099596022644054,0.0005069225793989608,-0.004814326384725782
42.657047100001364,-2.099609072286156,0.0005088829583029959,-0.004822751306909458
42.71007399999871,-2.099622121996576,0.0005108434921009454,-0.004831176396488101
42.7573967999997,-2.0996351717757475,0.0005128041806285207,-0.004839601650305911
42.80780389999927,-2.0996482216240944,0.0005147650237214328,-0.0048480270652735665
42.8600766999989,-2.0996612715420406,0.0005167260212175302,-0.004856452638311713
42.90926709999985,-2.0996743215300073,0.0005186871729539894,-0.0048648783663693875
42.958521600001404,-2.0996873715884083,0.0005206484787744416,-0.0048733042464222465
43.00847870000143,-2.099700421717653,0.0005226099385156885,-0.0048817302755167795
43.05970890000026,-2.099713471918146,0.0005245715520244751,-0.00489015645071156
43.10732650000136,-2.0997265221902888,0.0005265333191461564,-0.004898582769096695
43.15725590000147,-2.099739572534479,0.0005284952397288584,-0.004907009227789144
43.206943900000624,-2.0997526229511108,0.0005304573136236271,-0.004915435823947392
43.25861250000162,-2.0997656734405834,0.0005324195406880873,-0.0049238625546983265
43.30777250000028,-2.0997787240032837,0.0005343819207608749,-0.004932289417214749
43.35992519999854,-2.0997917746395935,0.0005363444536977364,-0.004940716408742279
43.408350199999404,-2.0998048253498918,0.000538307139353715,-0.0049491435265450546
43.45878559999983,-2.099817876134556,0.000540269977586691,-0.0049575707679224805
43.50857480000195,-2.0998309269939597,0.0005422329682571337,-0.004965998130161492
43.55770470000061,-2.099843977928477,0.0005441961112231318,-0.00497442561057622
43.608564499998465,-2.0998570289384726,0.0005461594063411876,-0.0049828532065246504
43.65815250000014,-2.0998700800243113,0.0005481228534757432,-0.0049912809153872415
43.70890159999908,-2.0998831311863553,0.0005500864524891267,-0.004999708734574278
43.759079100000235,-2.0998961824249673,0.000552050203250203,-0.005008136661475159
43.80797689999963,-2.0999092337405045,0.0005540141056197035,-0.0050165646935103995
43.85778489999939,-2.099922285133322,0.0005559781594631258,-0.005024992828148481
43.90819349999947,-2.0999353366037674,0.0005579423646454434,-0.005033421062877262
43.95685550000053,-2.099948388152188,0.000559906721037368,-0.005041849395220201
44.011216499999136,-2.0999614397789252,0.0005618712285083381,-0.005050277822720045
44.0593641000014,-2.0999744914843284,0.0005638358869370667,-0.005058706342913527
44.10799970000153,-2.099987543268738,0.000565800696190788,-0.00506713495333255
44.15771440000026,-2.1000005951324967,0.0005677656561431226,-0.0050755636515264465
44.20824079999875,-2.1000136470759414,0.0005697307666640192,-0.0050839924350956096
44.25805620000028,-2.100026699099404,0.0005716960276261091,-0.005092421301665882
44.30857620000097,-2.1000397512032136,0.000573661438908076,-0.005100850248879275
44.35912879999887,-2.100052803387704,0.0005756270003889049,-0.005109279274368274
44.409681000001,-2.1000658556532024,0.0005775927119426991,-0.00511770837580044
44.460054399998626,-2.100078908000035,0.0005795585734501721,-0.005126137550841368
44.50719830000162,-2.1000919604285246,0.0005815245847877254,-0.005134566797198151
44.55787060000148,-2.100105012938994,0.000583490745837032,-0.005142996112574384
44.607980699998734,-2.1001180655317615,0.0005854570564769442,-0.005151425494690635
44.66047030000118,-2.1001311182071443,0.000587423516588792,-0.005159854941311368
44.70933109999896,-2.100144170965458,0.0005893901260586828,-0.005168284450185005
44.75889280000047,-2.100157223807017,0.000591356884768505,-0.0051767140190777045
44.80821519999881,-2.100170276732135,0.0005933237925995065,-0.005185143645759314
44.86126489999879,-2.100183329741122,0.0005952908494405824,-0.005193573328043775
44.90857419999884,-2.1001963828342847,0.0005972580551710645,-0.005202003063728345
44.958953599998495,-2.1002094360119288,0.0005992254096796388,-0.0052104328506594
45.00589580000087,-2.100222489274363,0.0006011929128552913,-0.005218862686657208
45.06067489999987,-2.100235542621889,0.0006031605645821127,-0.005227292569577607
45.109440899999754,-2.100248596054805,0.0006051283647492336,-0.005235722497300803
45.157376600000134,-2.100261649573415,0.0006070963132483497,-0.0052441524676862345
45.20630159999928,-2.1002747031780227,0.0006090644099669676,-0.005252582478594123
45.260691899999074,-2.1002877568689207,0.0006110326547907987,-0.005261012527931416
45.30838829999993,-2.100300810646405,0.0006130010476116625,-0.005269442613633717
45.35659289999967,-2.1003138645107686,0.0006149695883235232,-0.005277872733602815
45.40976429999864,-2.1003269184623092,0.0006169382768180015,-0.005286302885757444
45.45733399999881,-2.100339972501313,0.0006189071129806308,-0.00529473306806159
45.50787820000187,-2.1003530266280697,0.0006208760967098897,-0.0053031632784831025
45.55782199999885,-2.1003660808428704,0.0006228452279014233,-0.005311593514969623
45.6073361000017,-2.100379135146005,0.0006248145064451469,-0.005320023775493007
45.65745519999837,-2.100392189537758,0.0006267839322381214,-0.005328454058030047
45.71085099999982,-2.1004052440184164,0.0006287535051741675,-0.0053368843605592275
45.759264299998904,-2.100418298588267,0.000630723225146545,-0.005345314681064572
45.80746089999957,-2.1004313532475924,0.0006326930920493966,-0.005353745017559382
45.85729360000187,-2.1004444079966698,0.0006346631057766175,-0.005362175368094361
45.90999269999884,-2.100457462835783,0.0006366332662322644,-0.005370605730688956
45.95617620000121,-2.1004705177652108,0.0006386035733099338,-0.005379036103371712
46.007195400001365,-2.1004835727852345,0.0006405740269092001,-0.005387466484172668
46.05909579999934,-2.100496627896129,0.0006425446269248276,-0.005395896871142288
46.11074849999932,-2.1005096830981724,0.0006445153732543222,-0.0054043272623354646
46.160271900000225,-2.1005227383916387,0.0006464862657969291,-0.005412757655826313
46.20866020000176,-2.100535793776804,0.000648457304452035,-0.005421188049686215
46.2584053999999,-2.100548849253942,0.0006504284891195944,-0.005429618442000327
46.30875459999879,-2.100561904823322,0.0006523998196962866,-0.005438048830859436
46.3588665999996,-2.1005749604852206,0.0006543712960864195,-0.00544647921436126
46.40629819999958,-2.1005880162399055,0.0006563429181878746,-0.00545490959060952
46.459770900000876,-2.100601072087646,0.0006583146859015981,-0.005463339957719977
46.507260999998834,-2.1006141280287096,0.0006602865991310166,-0.00547177031380519
46.56071620000148,-2.100627184063368,0.0006622586577746727,-0.005480200656984388
46.608226399999694,-2.100640240191889,0.0006642308617366404,-0.005488630985386901
46.65754880000168,-2.100653296414535,0.0006662032109147862,-0.005497061297137834
46.709749400000874,-2.1006663527315714,0.0006681757052133228,-0.005505491590425997
46.75780540000051,-2.100679409143267,0.0006701483445402114,-0.005513921863351559
46.80900860000111,-2.100692465649885,0.0006721211287897378,-0.005522352114080795
46.85891160000028,-2.1007055222516877,0.0006740940578694269,-0.005530782340778917
46.90823680000176,-2.1007185789489378,0.0006760671316824989,-0.005539212541616811
46.96163819999856,-2.1007316357418993,0.0006780403501331909,-0.005547642714757483
47.00727589999951,-2.1007446926308324,0.0006800137131247773,-0.005556072858371798
47.06052049999926,-2.100757749615997,0.0006819872205592535,-0.005564502970650145
47.110488800000894,-2.1007708066976543,0.0006839608723442694,-0.005572933049774903
47.159157900001446,-2.1007838638760665,0.0006859346683851641,-0.005581363093929786
47.21076549999998,-2.1007969211514905,0.0006879086085840544,-0.0055897931013001575
47.257635500001925,-2.1008099785241856,0.00068988269284674,-0.005598223070078603
47.31013449999955,-2.1008230359944076,0.0006918569210745981,-0.005606652998496967
47.35928970000168,-2.1008360935624144,0.0006938312931789307,-0.005615082884762909
47.410331800001586,-2.100849151228462,0.0006958058090647588,-0.005623512727084169
47.45701339999869,-2.1008622807704818,0.0006978393862343559,-0.0056313890838525695
47.50677759999962,-2.1008754213900174,0.0006997650243827173,-0.005638959234521286
47.560185999998794,-2.10088856248518,0.0007016952481294801,-0.005646586912966076
47.60958599999867,-2.1009017018480933,0.0007036337680247576,-0.005654242275556777
47.65838810000059,-2.100914840555954,0.0007055738638588797,-0.00566189899574905
47.70924029999878,-2.1009279792798408,0.0007075137067892346,-0.0056695534807084955
47.75731779999842,-2.1009411181035658,0.0007094534071994871,-0.00567720727636938
47.812344800000574,-2.1009542569946005,0.0007113931855454903,-0.005684861268561802
47.85922439999922,-2.10096739593502,0.000713333106296957,-0.00569251561101478
47.90737209999861,-2.100980534921502,0.0007152731702511821,-0.005700170272535526
47.95892100000128,-2.1009936739544965,0.0007172133716011081,-0.005707825229359628
48.00861689999874,-2.101006813034341,0.0007191537083720958,-0.005715480477786053
48.058395399999426,-2.101019952160965,0.0007210941805022511,-0.0057231360201286585
48.10819189999893,-2.101033091334179,0.0007230347882068615,-0.005730791858792942
48.15659940000114,-2.1010462305537847,0.0007249755316119659,-0.005738447995654455
48.20713569999862,-2.1010593698195956,0.0007269164107860933,-0.005746104432390972
48.2606784999989,-2.10107250913143,0.0007288574257882863,-0.005753761170670142
48.30890649999856,-2.1010856484891085,0.0007307985766794306,-0.005761418212165313
48.35807080000086,-2.1010987878924494,0.0007327398635215154,-0.005769075558551761
48.409725000001345,-2.1011119273412744,0.000734681286377426,-0.005776733211506893
48.462299099999655,-2.1011250668354,0.0007366228453091566,-0.0057843911727082494
48.50750160000098,-2.101138206374647,0.0007385645403785097,-0.00579204944382272
48.559406399999716,-2.101151345958837,0.0007405063716483414,-0.005799708026510402
48.609305800000584,-2.101164485587791,0.0007424483391798072,-0.005807366922429253
48.658834199999546,-2.1011776252613292,0.0007443904430342545,-0.005815026133243779
48.708986300000106,-2.1011907649792727,0.0007463326832737531,-0.005822685660612133
48.75692849999905,-2.1012039047414457,0.0007482750599605183,-0.005830345506180915
48.80951930000083,-2.1012170445476688,0.0007502175731550094,-0.005838005671600493
48.85813490000146,-2.1012301843977625,0.0007521602229188111,-0.005845666158521927
48.906582899999194,-2.101243324291551,0.000754103009313372,-0.005853326968587612
48.958179799999925,-2.10125646422886,0.0007560459323999425,-0.005860988103430966
49.0065082000001,-2.10126960420951,0.000757988992238678,-0.005868649564689957
49.05790329999945,-2.101282744233321,0.0007599321888901078,-0.005876311354004705
49.10854660000041,-2.101295884300121,0.0007618755224153024,-0.005883973473007206
49.16016909999962,-2.1013090244097357,0.0007638189928756958,-0.0058916359233179205
49.20791939999981,-2.1013221645619877,0.0007657626003312251,-0.005899298706561425
49.2580506000013,-2.1013353047567014,0.000767706344841485,-0.005906961824363597
49.30925760000173,-2.1013484449937008,0.0007696502264667261,-0.005914625278342181
49.356505700001435,-2.1013615852728145,0.0007715942452679692,-0.005922289070104627
49.40791280000121,-2.101374725593868,0.0007735384013048663,-0.0059299532012690795
49.459046700001636,-2.1013878659566845,0.0007754826946359542,-0.005937617673445503
49.51052229999914,-2.101401006361091,0.0007774271253219289,-0.005945282488239093
49.56167650000134,-2.101414146806917,0.0007793716934226929,-0.005952947647246871
49.609101900001406,-2.1014272872939896,0.0007813163989972888,-0.005960613152068213
49.656756100001076,-2.1014404278221326,0.0007832612421046393,-0.005968279004302375
49.70864559999973,-2.101453568391178,0.00078520622280496,-0.005975945205538322
49.75994939999873,-2.101466709000954,0.0007871513411571183,-0.00598361175736542
49.810050399999454,-2.101479849651285,0.0007890965972190052,-0.005991278661374427
49.85917350000091,-2.1014929903420017,0.000791041991050039,-0.005998945919149174
49.90861159999986,-2.1015061310729335,0.000792987522708918,-0.006006613532265485
49.961185000000114,-2.101519271843911,0.0007949331922543808,-0.006014281502304467
50.009093500000745,-2.101532412654763,0.0007968789997449498,-0.006021949830837288
50.05740330000117,-2.1015455535053182,0.0007988249452381323,-0.006029618519439043
50.107055699998455,-2.1015586943954085,0.0008007710287929078,-0.006037287569672951
50.159466500001145,-2.1015718353248625,0.0008027172504670966,-0.00604495698310851
50.208639600001334,-2.1015849762935135,0.0008046636103182326,-0.0060526267613038405
50.257475800000975,-2.1015981173011915,0.0008066101084044057,-0.0060602969058197766
50.3094557000004,-2.1016112583477304,0.0008085567447836409,-0.006067967418206341
50.3576968999987,-2.101624399432962,0.000810503519513598,-0.006075638300021505
50.40859759999876,-2.101637540556717,0.000812450432650928,-0.006083309552812116
50.45797400000083,-2.1016506817188274,0.0008143974842531752,-0.006090981178124093
50.509490899999946,-2.101663822919131,0.0008163446743776664,-0.006098653177498179
50.55721249999988,-2.101676964157458,0.0008182920030818539,-0.006106325552474912
50.60987960000057,-2.1016901054336423,0.0008202394704218555,-0.006113998304588143
50.65714210000078,-2.101703246747518,0.0008221870764549782,-0.00612167143537415
50.70693210000172,-2.1017163880989194,0.0008241348212376893,-0.006129344946359021
50.75972009999896,-2.1017295294876823,0.0008260827048262498,-0.0061370188390715156
50.80853070000012,-2.1017426709136386,0.0008280307272765387,-0.006144693115040611
50.85826499999894,-2.1017558123766267,0.0008299788886458265,-0.006152367775782722
50.908199099998455,-2.101768953876483,0.000831927188989965,-0.006160042822813794
50.957206700000825,-2.101782095413042,0.0008338756283647119,-0.006167718257650376
51.00815069999953,-2.1017952369861392,0.0008358242068251113,-0.006175394081803066
51.05984009999884,-2.1018083785956136,0.0008377729244283762,-0.006183070296777788
51.10702749999837,-2.1018215202413026,0.0008397217812295592,-0.006190746904076199
51.15700270000161,-2.1018346619230415,0.0008416707772833607,-0.0061984239051992174
51.21038140000019,-2.1018478036406676,0.0008436199126454671,-0.006206101301654705
51.258330199998454,-2.101860945394022,0.0008455691873719111,-0.006213779094937577
51.3082753000017,-2.1018740871829436,0.0008475186015171664,-0.0062214572865350115
51.35710670000117,-2.1018872290072688,0.0008494681551357445,-0.0062291358779345786
51.40699080000195,-2.101900370866839,0.0008514178482831043,-0.006236814870623365
51.458477299998776,-2.1019135127614925,0.0008533676810134041,-0.006244494266088981
51.50967440000022,-2.1019266546910695,0.0008553176533815767,-0.00625217406581047
51.55689659999916,-2.10193979665541,0.0008572677654415907,-0.006259854271264222
51.60715319999872,-2.101952938654356,0.0008592180172485985,-0.0062675348839199225
51.66116030000194,-2.10196608068775,0.0008611684088562574,-0.0062752159052474185
51.70981810000012,-2.101979222755427,0.0008631189403171624,-0.006282897336718025
51.757571400001325,-2.1019923648572334,0.000865069611686846,-0.00629057917979663
51.80756130000009,-2.102005506993013,0.0008670204230188478,-0.006298261435939916
51.86031250000087,-2.102018649162608,0.0008689713743668653,-0.006305944106603312
51.909663499998715,-2.1020317913658584,0.0008709224657838813,-0.0063136271932417425
51.956756899999164,-2.1020449336026106,0.0008728736973236695,-0.006321310697310812
52.01090649999969,-2.1020580758727077,0.000874825069039336,-0.0063289946202585
52.057491100000334,-2.10207121817599,0.0008767765809833538,-0.006336678963527429
52.10965260000012,-2.1020843605123036,0.0008787282332084435,-0.00634436372856176
52.158910000001924,-2.102097502881493,0.0008806800257679948,-0.0063520489168058785
52.20902589999969,-2.1021106452834033,0.0008826319587144351,-0.006359734529695247
52.25830109999879,-2.1021237877178782,0.0008845840321002732,-0.006367420568661123
52.30885340000168,-2.102136930184766,0.0008865362459779715,-0.006375107035134496
52.35773540000082,-2.102150072683912,0.0008884886004003094,-0.00638279393053753
52.408659600001556,-2.1021632152151635,0.0008904410954189979,-0.006390481256295741
52.458630600001925,-2.102176357778367,0.0008923937310858219,-0.00639816901382568
52.50888390000182,-2.1021895003733677,0.0008943465074524737,-0.006405857204552086
52.560393899999326,-2.102202643000015,0.0008962994245709729,-0.00641354582988681
52.60750769999868,-2.1022157856581556,0.0008982524824927972,-0.00642123489124026
52.65826809999999,-2.1022289283476363,0.0009002056812686479,-0.0064289243900246046
52.707954400000744,-2.102242071068308,0.0009021590209510502,-0.006436614327643061
52.7583068999993,-2.10225521382002,0.000904112501590547,-0.006444304705493732
52.81045280000035,-2.1022683566026186,0.0009060661232374272,-0.006451995524981252
52.85819089999859,-2.102281499415956,0.0009080198859435336,-0.006459686787500649
52.908293100001174,-2.102294642259884,0.000909973789759436,-0.006467378494438965
52.95853110000098,-2.10230778513425,0.0009119278347356525,-0.006475070647192317
53.00729860000138,-2.102320928038905,0.0009138820209221422,-0.006482763247148636
53.05802509999921,-2.1023340709737,0.0009158363483696254,-0.006490456295687518
53.11023579999892,-2.102347213938489,0.0009177908171288773,-0.006498149794188346
53.15955119999853,-2.1023603569331217,0.0009197454272491098,-0.006505843744029541
53.20621309999842,-2.102373499957452,0.0009217001787810332,-0.006513538146588129
53.25843270000041,-2.1023866430113314,0.0009236550717742003,-0.006521233003230873
53.30903979999857,-2.102399786094613,0.0009256101062777867,-0.006528928315328028
53.35819089999859,-2.1024129292071505,0.0009275652823413358,-0.006536624084250128
53.40806760000123,-2.1024260723487993,0.0009295206000151584,-0.0065443203113537225
53.45701299999928,-2.1024392155194116,0.0009314760593473848,-0.00655201699799437
53.51076599999942,-2.1024523587188413,0.0009334316603874426,-0.006559714145534659
53.55760240000018,-2.102465501946944,0.0009353874031842619,-0.006567411755328798
53.61170839999977,-2.1024786452035764,0.000937343287786997,-0.006575109828720435
53.65826830000151,-2.1024917884885927,0.000939299314243923,-0.006582808367058592
53.70816420000119,-2.1025049318018474,0.0009412554826032638,-0.006590507371689362
53.75903079999989,-2.1025180751432,0.0009432117929144583,-0.006598206843954208
53.81227629999921,-2.1025312185125062,0.000945168245225406,-0.006605906785182197
53.85845220000192,-2.102544361909623,0.0009471248395837718,-0.0066136071967151195
53.90983369999958,-2.102557505334407,0.0009490815760375925,-0.006621308079886575
53.95917869999903,-2.1025706487867195,0.0009510384546355726,-0.006629009436021538
54.010266799999954,-2.1025837922664152,0.0009529954754245249,-0.006636711266443311
54.057797699999355,-2.102596935773353,0.0009549526384519159,-0.006644413572480025
54.10686200000055,-2.102610079307395,0.0009569099437666606,-0.006652116355446606
54.1571397000007,-2.1026232228684005,0.0009588673914151596,-0.00665981961665316
54.20886210000026,-2.102636366456227,0.0009608249814439456,-0.006667523357419614
54.2618939999993,-2.1026495100707363,0.0009627827139007325,-0.00667522757905769
54.310608499999944,-2.10266265371179,0.0009647405888325575,-0.006682932282868456
54.357614900000044,-2.1026757973792467,0.0009666986062857651,-0.0066906374701613475
54.407018199999584,-2.1026889410729686,0.0009686567663070083,-0.006698343142237783
54.45883680000043,-2.1027020847928184,0.0009706150689428098,-0.00670604930039233
54.50812450000012,-2.102715228538657,0.0009725735142392293,-0.006713755945925902
54.55674809999982,-2.1027283723103465,0.0009745321022428309,-0.0067214630801348246
54.60959229999935,-2.102741516107751,0.0009764908329996706,-0.006729170704300518
54.65801840000131,-2.102754659930736,0.000978449706555978,-0.006736878819706466
54.707767500000045,-2.1027678037791624,0.0009804087229570231,-0.006744587427636519
54.75936599999841,-2.1027809476528936,0.0009823678822482229,-0.006752296529375989
54.80819459999839,-2.102794091551795,0.0009843271844753114,-0.006760006126201799
54.861870000000636,-2.1028072354757317,0.0009862866296835905,-0.006767716219388967
54.91049280000152,-2.1028203794245695,0.0009882462179185948,-0.0067754268102041115
54.96012289999999,-2.102833523398174,0.0009902059492254767,-0.0067831378999139895
55.00893770000039,-2.1028466673964137,0.000992165823649446,-0.006790849489782629
55.06107010000051,-2.1028598114191523,0.0009941258412351083,-0.00679856158107464
55.11148939999839,-2.1028729554662564,0.0009960860020266026,-0.006806274175052325
55.16017439999996,-2.102886099537595,0.0009980463060691768,-0.00681398727296586
55.209833799999615,-2.1028992436330336,0.0010000067534067228,-0.006821700876072841
55.262434200001735,-2.1029123877524403,0.0010019673440833387,-0.0068294149856253875
55.320011499999964,-2.1029255318956848,0.0010039280781439636,-0.006837129602872314
55.35939059999873,-2.102938676062637,0.0010058889556325038,-0.006844844729049344
55.40758410000126,-2.102951820253165,0.0010078499765922122,-0.006852560365402451
55.45873009999923,-2.102964964467137,0.0010098111410666323,-0.006860276513170669
55.509016600000905,-2.1029781087044244,0.0010117724490995824,-0.006867993173589097
55.560169500000484,-2.1029912529648964,0.0010137339007344616,-0.006875710347893001
55.60816909999994,-2.1030043972484243,0.0010156954960147723,-0.006883428037312969
55.65823409999939,-2.1030175415548804,0.001017657234984134,-0.006891146243070379
55.70782269999836,-2.1030306858841366,0.0010196191176848773,-0.006898864966390522
55.75960810000106,-2.1030438302360634,0.0010215811441598938,-0.006906584208492092
55.80832780000128,-2.103056974610535,0.0010235433144520558,-0.006914303970593575
55.859781800001656,-2.103070119007423,0.0010255056286047272,-0.006922024253911125
55.91110710000066,-2.1030832634266,0.001027468086659421,-0.006929745059653087
55.961205799998424,-2.103096407867942,0.0010294306886586627,-0.006937466389033472
56.00823870000022,-2.103109552331321,0.0010313934346452356,-0.006945188243257707
56.05894370000169,-2.1031226968166115,0.0010333563246604418,-0.006952910623526248
56.10748700000113,-2.103135841323688,0.0010353193587464178,-0.006960633531036813
56.15767720000076,-2.1031489858524264,0.0010372825369452945,-0.006968356966993368
56.207404299999325,-2.1031621304027013,0.0010392458592978228,-0.006976080932589117
56.257554299998446,-2.103175274974388,0.0010412093258458763,-0.006983805429014552
56.30972660000043,-2.1031884195673642,0.0010431729366311897,-0.006991530457458309
56.361690500001714,-2.1032015641815085,0.0010451366916948979,-0.0069992560191065095
56.40867620000063,-2.1032147088166955,0.0010471005910780901,-0.007006982115139
56.460359400000016,-2.103227853472805,0.0010490646348218446,-0.007014708746734697
56.509112200001255,-2.1032409981497135,0.0010510288229667113,-0.0070224359150749885
56.55822270000135,-2.1032541428472986,0.0010529931555534086,-0.007030163621336248
56.61127789999955,-2.103267287565438,0.0010549576326221014,-0.0070378918666913395
56.655674000001454,-2.1032804323040137,0.0010569222542137484,-0.007045620652301984
56.708871899998485,-2.1032935770629035,0.0010588870203679522,-0.007053349979334449
56.75746770000114,-2.1033067218419865,0.001060851931124705,-0.007061079848957067
56.811397500001476,-2.103319866641146,0.0010628169865253036,-0.007068810262322736
56.85768879999887,-2.103333011460261,0.0010647821866084561,-0.007076541220588372
56.90550749999966,-2.1033461562992115,0.0010667475314138054,-0.007084272724911412
56.956922000001214,-2.1033593011578833,0.001068713020982256,-0.0070920047764404725
57.01082529999985,-2.1033724460361563,0.0010706786553521925,-0.007099737376322182
57.057135499999276,-2.1033855909339128,0.0010726444345633428,-0.007107470525703584
57.108238799999526,-2.1033987358510347,0.0010746103586545853,-0.0071152042257301125
57.15770820000034,-2.103411880787406,0.0010765764276652015,-0.007122938477540632
57.208891700000095,-2.103425025742909,0.001078542641633352,-0.007130673282270012
57.26173149999886,-2.1034381707174292,0.0010805090005984838,-0.007138408641053885
57.307998500000394,-2.103451315710853,0.0010824755045994287,-0.0071461445550216164
57.35881779999909,-2.103464460723063,0.00108444215367432,-0.007153881025302562
57.40840200000093,-2.103477605753944,0.001086408947861701,-0.007161618053021148
57.45880419999958,-2.103490750803384,0.0010883758872001516,-0.0071693556392988834
57.510062400000606,-2.103503895871268,0.0010903429717271543,-0.0071770937852554395
57.561286899999686,-2.103517040957481,0.0010923102014804517,-0.0071848324920116375
57.60730279999916,-2.1035301860619127,0.0010942775764988721,-0.007192571760684289
57.65863430000172,-2.103543331184448,0.0010962450968199087,-0.007200311592379198
57.70800750000126,-2.103556476324976,0.0010982127624803253,-0.007208051988208725
57.758549900001526,-2.103569621483385,0.001100180573518841,-0.007215792949274378
57.807749200001126,-2.1035827666595632,0.0011021485299716198,-0.007223534476678518
57.86147340000025,-2.103595911853399,0.0011041166318755563,-0.00723127657153077
57.906978700000764,-2.103609057064781,0.0011060848792683394,-0.007239019234926363
57.959370699998544,-2.1036222022936006,0.0011080532721867945,-0.007246762467957163
58.00754769999912,-2.103635347539747,0.0011100218106674686,-0.0072545062717177585
58.05885069999931,-2.103648492803111,0.0011119904947470753,-0.0072622506472971565
58.11038869999902,-2.1036616380835826,0.0011139593244618514,-0.007269995595781913
58.15970440000092,-2.103674783381054,0.0011159282998482812,-0.0072777411182579676
58.20844059999945,-2.103687928695418,0.0011178974209427105,-0.007285487215802316
58.258277900000394,-2.1037010740265685,0.001119866687781711,-0.007293233889489264
58.312619399999676,-2.103714219374395,0.001121836100400545,-0.00730098114039486
58.35835370000132,-2.1037273647387917,0.0011238056588351742,-0.007308728969596882
58.407471099999384,-2.1037405101196525,0.0011257753631220384,-0.0073164773781621605
58.45575409999947,-2.103753655516871,0.0011277452132955512,-0.007324226367160576
58.50841750000109,-2.10376680093034,0.0011297152093914463,-0.007331975937657954
58.558605800000805,-2.103779946359957,0.0011316853514453868,-0.007339726090713311
58.611870600001566,-2.103793091805615,0.0011336556394921909,-0.0073474768273824095
58.66097660000014,-2.103806237267208,0.0011356260735662905,-0.007355228148726247
58.70961670000179,-2.1038193827446348,0.0011375966537032845,-0.007362980055796642
58.75611360000039,-2.103832528237791,0.0011395673799378492,-0.007370732549645337
58.80768570000146,-2.1038456737465703,0.001141538252304051,-0.007378485631325888
58.8589925999986,-2.1038588192708736,0.0011435092708370759,-0.007386239301879932
58.90876940000089,-2.1038719648105975,0.0011454804355709705,-0.007393993562352047
58.96224110000185,-2.103885110365639,0.0011474517465397197,-0.007401748413782304
59.00532369999928,-2.1038982559358983,0.0011494232037780453,-0.007409503857203366
59.05840199999875,-2.103911401521274,0.0011513948073198018,-0.007417259893653177
59.108325799999875,-2.1039245471216645,0.0011533665571984955,-0.007425016524164797
59.15845429999899,-2.1039376927369697,0.001155338453448264,-0.007432773749770547
59.20811049999975,-2.10395083836709,0.0011573104961028115,-0.00744053157149494
59.25830019999921,-2.103963984011925,0.0011592826851948975,-0.007448289990362118
59.31103090000033,-2.1039771296713767,0.0011612550207580389,-0.007456049007389842
59.359472500000265,-2.103990275345345,0.0011632275028256066,-0.007463808623601729
59.40832429999864,-2.104003421033732,0.0011652001314297756,-0.007471568840010575
59.45825500000137,-2.1040165667364397,0.0011671729066048213,-0.00747932965763263
59.50818540000182,-2.1040297124533724,0.0011691458283830248,-0.007487091077477975
59.558787900001334,-2.1040428581844295,0.00117111889679644,-0.007494853100556878
59.60492339999837,-2.104056003929516,0.0011730921118782525,-0.007502615727873368
59.65228980000029,-2.1040691496885384,0.0011750654736609979,-0.007510378960431072
59.70597160000034,-2.1040822954613967,0.0011770389821765257,-0.007518142799232299
59.753169999999955,-2.104095441247996,0.0011790126374568294,-0.007525907245274504
59.80394670000169,-2.1041085870482457,0.0011809864395352313,-0.007533672299550514
59.85217620000185,-2.1041217328620467,0.0011829603884426214,-0.007541437963053519
59.902455600000394,-2.1041348786893064,0.0011849344842107825,-0.007549204236772483
59.95103849999941,-2.104148024529931,0.0011869087268708213,-0.007556971121695578
60.003012000001036,-2.104161170383825,0.0011888831164544125,-0.007564738618809174
60.05285450000156,-2.1041743162508957,0.001190857652993154,-0.007572506729100078
60.10115450000012,-2.104187462131054,0.0011928323365191127,-0.007580275453549585
60.152067899998656,-2.1042006080242066,0.001194807167063151,-0.007588044793128259
60.203709000001254,-2.104213753930261,0.0011967821446557565,-0.007595814748811655
60.252679799999896,-2.1042268998491265,0.001198757269328383,-0.007603585321577878
60.30298649999895,-2.104240045780711,0.001200732541111451,-0.007611356512390229
60.35134309999921,-2.1042531917249243,0.001202707960035107,-0.007619128322219513
60.40192759999991,-2.1042663376816773,0.0012046835261306328,-0.007626900752030413
60.45347920000131,-2.104279483650879,0.001206659239427961,-0.007634673802785547
60.50156209999841,-2.10429262963244,0.0012086350999573063,-0.007642447475446522
60.553280000000086,-2.1043057756262717,0.001210611107749095,-0.0076502217709674145
60.603072599998995,-2.1043189216322857,0.001212587262833003,-0.007657996690303951
60.652659600000334,-2.1043320676503954,0.0012145635652391746,-0.007665772234407166
60.70176690000153,-2.104345213680512,0.0012165400149976972,-0.007673548404229091
60.75178589999996,-2.1043583597225473,0.0012185166121370095,-0.007681325200717715
60.8020319999996,-2.1043715057764145,0.001220493356687437,-0.007689102624815034
60.85267930000191,-2.1043846518420297,0.0012224702486785107,-0.007696880677462089
60.901649200000975,-2.104397797919305,0.001224447288138978,-0.0077046593595992445
60.95175709999967,-2.1044109440081544,0.0012264244750979632,-0.0077124386721639715
61.00283309999941,-2.1044240901084947,0.0012284018095852028,-0.0077202186160902925
61.05349869999918,-2.1044372362202393,0.0012303792916287218,-0.007727999192309113
61.10227890000169,-2.104450382343302,0.001232356921257415,-0.007735780401754367
61.15350659999967,-2.104463528477601,0.0012343346985000045,-0.007743562245354776
61.20279500000106,-2.104476674623052,0.0012363126233848154,-0.007751344724036627
61.252754600001936,-2.1044898207795724,0.001238290695940582,-0.007759127838722421
61.302880399998685,-2.1045029669470803,0.0012402689161959222,-0.0077669115903288375
61.35155680000025,-2.1045161131254906,0.0012422472841777546,-0.007774695979779189
61.402977000001556,-2.104529259314723,0.0012442257999154336,-0.007782481007991502
61.45270879999953,-2.104542405514697,0.001246204463436863,-0.007790266675871928
61.503092599999945,-2.1045555517253307,0.0012481832747692728,-0.007798052984333966
61.55100609999863,-2.1045686979465428,0.0012501622339406789,-0.0078058399342858355
61.60252549999859,-2.104581844178255,0.0012521413409788541,-0.007813627526628859
61.652814000000944,-2.1045949904203853,0.0012541205959107043,-0.00782141576227461
61.703242300001875,-2.104608136672855,0.0012560999987639566,-0.00782920464212009
61.7518342000003,-2.104621282935585,0.0012580795495653193,-0.007836994167063866
61.80235850000099,-2.1046344292084944,0.0012600592483417352,-0.007844784338007137
61.85268020000149,-2.104647575491505,0.0012620390951204338,-0.007852575155840728
61.90281959999993,-2.10466072178454,0.0012640190899279678,-0.007860366621460144
61.952035800000886,-2.104673868087521,0.0012659992327913544,-0.007868158735761355
62.001742899999954,-2.1046870144003735,0.0012679795237380263,-0.007875951499624842
62.05131040000197,-2.1047001607230182,0.0012699599627931165,-0.007883744913933522
62.102900699999736,-2.104713307055379,0.0012719405499834798,-0.007891538979574998
62.15335899999991,-2.1047264533973817,0.0012739212853359106,-0.007899333697425027
62.2011734000007,-2.1047395997489504,0.0012759021688759445,-0.007907129068361106
62.252574999998615,-2.104752746110008,0.001277883200629775,-0.00791492509326323
62.30289980000089,-2.104765892480483,0.0012798643806237642,-0.007922721772996305
62.353239799998846,-2.104779038860298,0.0012818457088828595,-0.007930519108440231
62.40149620000011,-2.104792185249379,0.0012838271854330372,-0.007938317100465305
62.450891799999226,-2.104805331647655,0.0012858088103002408,-0.007946115749932483
62.502703300000576,-2.1048184780550505,0.001287790583509456,-0.007953915057710354
62.55217730000004,-2.104831624471493,0.0012897725050857725,-0.007961715024660873
62.60210050000023,-2.104844770896912,0.0012917545750553215,-0.007969515651643751
62.6510429000009,-2.104857917331235,0.0012937367934429968,-0.007977316939515486
62.70244710000043,-2.10487106377439,0.0012957191602735191,-0.007985118889130246
62.75237289999859,-2.104884210226306,0.0012977016755717163,-0.007992921501346199
62.80326480000076,-2.104897356686911,0.001299684339362148,-0.008000724777017531
62.8524737000007,-2.104910503156136,0.0013016671516701546,-0.008008528716986874
62.9025146999993,-2.1049236496339114,0.0013036501125203847,-0.008016333322107447
62.951681599999574,-2.1049367961201653,0.0013056332219364094,-0.00802413859322374
63.00232880000112,-2.10494994261483,0.0013076164799433918,-0.008031944531176576
63.052614500000345,-2.1049630891178377,0.0013095998865651631,-0.008039751136801599
63.10245049999867,-2.1049762356291164,0.0013115834418249944,-0.008047558410946868
63.15198310000051,-2.104989382148602,0.0013135671457486636,-0.008055366354444914
63.203844700001355,-2.105002528676224,0.0013155509983587593,-0.008063174968129867
63.25080480000179,-2.1050156752119156,0.0013175349996790212,-0.008070984252837192
63.30254699999932,-2.105028821755611,0.0013195191497338886,-0.008078794209390686
63.35273389999929,-2.1050419683072445,0.001321503448546853,-0.008086604838623768
63.4041169000011,-2.1050551148667473,0.001323487896140361,-0.00809441614136076
63.45132100000046,-2.1050682614340546,0.0013254724925385515,-0.008102228118426565
63.50129300000117,-2.1050814080091005,0.0013274572377641116,-0.00811004077064269
63.55212549999851,-2.1050945545918203,0.0013294421318401834,-0.008117854098829765
63.60170030000154,-2.1051077011821495,0.0013314271747903977,-0.008125668103804808
63.653217200000654,-2.1051208477800234,0.0013334123666371267,-0.008133482786382021
63.702497800000856,-2.1051339943853784,0.0013353977074033775,-0.00814129814737486
63.75074390000009,-2.105147140998153,0.00133738319711175,-0.0081491141875946
63.802506700001686,-2.10516028761828,0.0013393688357850038,-0.008156930907855882
63.853766899999755,-2.1051734342457005,0.0013413546234459237,-0.008164748308961705
63.90202370000043,-2.1051865808803507,0.001343340560116308,-0.008172566391718098
63.95190569999977,-2.105199727522166,0.0013453266458180063,-0.008180385156930658
64.00291800000196,-2.105212874171089,0.0013473128805741815,-0.008188204605403433
64.05258039999899,-2.105226020827057,0.0013492992644067194,-0.008196024737938394
64.10176779999892,-2.105239167490009,0.0013512857973376545,-0.008203845555328004
64.15181020000091,-2.1052523141598845,0.0013532724793882717,-0.008211667058367208
64.20216509999955,-2.105265460836621,0.0013552593105802184,-0.008219489247854827
64.25212680000186,-2.105278607520163,0.0013572462909358814,-0.008227312124574398
64.30277159999969,-2.105291754210448,0.001359233420475838,-0.008235135689318997
64.3505828999987,-2.1053049009074174,0.0013612206992220475,-0.008242959942884204
64.40173309999955,-2.1053180476110143,0.0013632081271962439,-0.008250784886048213
64.45156530000168,-2.105331194321178,0.0013651957044189251,-0.008258610519596393
64.50344259999838,-2.1053443410378483,0.0013671834309108872,-0.008266436844318333
64.55256839999856,-2.1053574877609735,0.0013691713066946564,-0.008274263860990139
64.60302090000187,-2.105370634490493,0.0013711593317901542,-0.008282091570391385
64.65207240000018,-2.10538378122635,0.0013731475062185939,-0.008289919973297661
64.70182919999934,-2.1053969279684908,0.0013751358300009698,-0.008297749070481388
64.75061060000007,-2.1054100747168567,0.0013771243031573306,-0.008305578862718809
64.80104950000168,-2.1054232214713906,0.0013791129257080185,-0.008313409350781377
64.85157990000152,-2.1054363682320396,0.0013811016976737868,-0.008321240535439419
64.90378490000148,-2.1054495149987478,0.001383090619075364,-0.008329072417466077
64.95088659999965,-2.1054626617714614,0.0013850796899331356,-0.008336904997622385
65.00250529999903,-2.1054758085501257,0.0013870689102669206,-0.008344738276670967
65.05315360000168,-2.1054889553346854,0.0013890582800964075,-0.00835257225537713
65.10279540000192,-2.1055021021250875,0.0013910477994418186,-0.008360406934504346
65.1541819999984,-2.105515248921278,0.0013930374683231704,-0.008368242314808483
65.20081109999956,-2.105528395723206,0.0013950272867603393,-0.00837607839704617
65.25303070000155,-2.1055415425308173,0.0013970172547726882,-0.008383915181975312
65.30204619999859,-2.105554689344059,0.0013990073723796044,-0.008391752670349152
65.35300600000119,-2.10556783616288,0.0014009976396010724,-0.00839959086292001
65.40262390000134,-2.105580982987229,0.0014029880564562327,-0.008407429760435245
65.45087209999838,-2.1055941298170544,0.001404978622964218,-0.008415269363651542
65.50161630000002,-2.1056072766523064,0.0014069693391448518,-0.008423109673311141
65.55330529999992,-2.105620423492933,0.0014089602050169517,-0.008430950690163724
65.60160339999857,-2.1056335703388864,0.0014109512205998796,-0.008438792414948363
65.65208699999857,-2.1056467171901145,0.0014129423859117686,-0.00844663484840962
65.70118999999977,-2.1056598640465687,0.0014149337009719805,-0.00845447799128939
65.75420400000075,-2.1056730109081987,0.0014169251657992323,-0.008462321844323249
65.80230920000031,-2.1056861577749566,0.0014189167804119303,-0.008470166408252862
65.85182150000037,-2.1056993046467927,0.001420908544828806,-0.008478011683815123
65.90165429999979,-2.105712451523661,0.0014229004590688064,-0.008485857671740296
65.95223679999981,-2.1057255984055123,0.0014248925231498868,-0.0084937043727687
66.00236719999884,-2.1057387452922987,0.0014268847370904037,-0.00850155178762297
66.05141889999868,-2.1057518921839744,0.001428877100908796,-0.008509399917036293
66.10129640000014,-2.1057650390804903,0.0014308696146223218,-0.008517248761741553
66.15216969999892,-2.105778185981799,0.001432862278249721,-0.00852509832246417
66.20259879999867,-2.1057913328878564,0.0014348550918092506,-0.008532948599931606
66.25290550000136,-2.105804479798617,0.0014368480553182937,-0.008540799594861934
66.30392479999864,-2.1058176267140345,0.0014388411687949094,-0.008548651307980402
66.35215260000041,-2.105830773634064,0.0014408344322563904,-0.008556503740008936
66.40206810000018,-2.1058439205586597,0.001442827845720505,-0.008564356891664815
66.45141579999836,-2.105857067487777,0.0014448214092046652,-0.008572210763667314
66.50160980000146,-2.10587021442137,0.0014468151227260782,-0.00858006535673939
66.55077589999928,-2.1058833613593966,0.0014488089863029456,-0.008587920671589267
66.60195089999979,-2.1058965083018117,0.0014508029999517552,-0.008595776708939106
66.65181030000167,-2.105909655248574,0.0014527971636901819,-0.008603633469497664
66.70122700000138,-2.1059228021996392,0.0014547914775354409,-0.008611490953973308
66.75154090000069,-2.105935949154964,0.001456785941504123,-0.008619349163079926
66.80145279999851,-2.1059490961145073,0.001458780555613518,-0.008627208097519283
66.85301450000043,-2.105962243078225,0.0014607753198804213,-0.008635067758003573
66.90238559999852,-2.1059753900460754,0.0014627702343212386,-0.008642928145237308
66.95000100000107,-2.10598853701802,0.0014647652989534692,-0.008650789259924518
67.00130139999965,-2.1060016839940148,0.0014667605137933647,-0.008658651102769819
67.05247840000084,-2.1060148309740194,0.0014687558788573348,-0.008666513674470673
67.10124709999945,-2.106027977957993,0.0014707513941615085,-0.008674376975730367
67.15103539999836,-2.106041124945894,0.0014727470597230554,-0.008682241007249084
67.20154049999837,-2.1060542719376842,0.0014747428755582045,-0.008690105769723106
67.25352930000008,-2.106067418933324,0.0014767388416830145,-0.008697971263845947
67.30167939999956,-2.106080565932772,0.0014787349581134811,-0.008705837490319179
67.34988739999972,-2.1060937129359902,0.0014807312248658144,-0.008713704449837564
67.4017473999993,-2.106106859942939,0.0014827276419561897,-0.008721572143093785
67.4519337999991,-2.10612000695358,0.0014847242094005646,-0.008729440570780827
67.50474369999938,-2.1061331539678747,0.0014867209272143773,-0.00873730973359027
67.55116590000034,-2.106146300985782,0.0014887177954133826,-0.0087451796322172
67.60300149999966,-2.106159448007267,0.0014907148140137897,-0.008753050267345509
67.65126389999932,-2.1061725950322914,0.001492711983030769,-0.008760921639660604
67.70289350000166,-2.106185742060819,0.0014947093024806203,-0.008768793749851797
67.75072269999873,-2.1061988890928127,0.0014967067723785873,-0.008776666598599924
67.80175070000041,-2.1062120361282335,0.0014987043927395648,-0.008784540186592952
67.85480539999844,-2.106225183167047,0.0015007021635791147,-0.008792414514513909
67.90824069999871,-2.106238330209216,0.0015027000849125104,-0.00880028958304462
67.95076730000073,-2.1062514772547045,0.0015046981567555277,-0.008808165392869766
68.00209750000067,-2.106264624303479,0.0015066963791235401,-0.008816041944662767
68.05137240000113,-2.1062777713555008,0.001508694752030658,-0.00882391923910313
68.1027834000015,-2.106290918410738,0.0015106932754926018,-0.008831797276869294
68.15087910000148,-2.106304065469153,0.0015126919495237767,-0.008839676058640781
68.19996270000047,-2.106317212530712,0.0015146907741394797,-0.008847555585095253
68.252766900001,-2.1063303595953804,0.0015166897493545711,-0.008855435856907706
68.30204869999943,-2.1063435066631255,0.001518688875183459,-0.00886331687475349
68.3530228999989,-2.1063566537339122,0.001520688151641925,-0.00887119863930049
68.40042919999905,-2.1063698008077067,0.0015226875787433885,-0.008879081151224568
68.45101179999983,-2.106382947884474,0.0015246871565024033,-0.008886964411199391
68.50092349999977,-2.1063960949641833,0.0015266868849342274,-0.008894848419893138
68.5558463999987,-2.1064092420468,0.0015286867640524752,-0.008902733177975287
68.6018096000007,-2.1064223891322924,0.0015306867938720736,-0.008910618686116362
68.65410459999839,-2.1064355362206273,0.0015326869744071133,-0.008918504944982045
68.70097370000076,-2.1064486833117733,0.0015346873056722964,-0.008926391955240504
68.75252370000089,-2.1064618304057,0.00153668778768174,-0.008934279717552417
68.80248890000075,-2.1064749775023737,0.0015386884204486606,-0.008942168232588124
68.85071410000091,-2.1064881246017624,0.0015406892039877245,-0.008950057501012978
68.90233950000038,-2.106501271703835,0.001542690138313089,-0.008957947523489116
68.95186380000087,-2.106514418808561,0.0015446912234381121,-0.008965838300681771
69.00187970000115,-2.1065275659159104,0.0015466924593774767,-0.008973729833248924
69.05017479999879,-2.1065407130258533,0.0015486938461450224,-0.008981622121854313
69.10007150000092,-2.106553860138356,0.0015506953837542492,-0.008989515167160143
69.15097660000174,-2.106567007253392,0.001552697072219242,-0.008997408969816453
69.20202929999869,-2.1065801543709304,0.0015546989115530273,-0.009005303530491733
69.2519140000004,-2.1065933014909395,0.0015567009017690662,-0.009013198849845833
69.30134109999926,-2.10660644861339,0.0015587030428815822,-0.009021094928534345
69.35179050000079,-2.106619595738253,0.0015607053349035692,-0.009028991767217217
69.40219150000121,-2.106632742865501,0.0015627077778488647,-0.009036889366547144
69.45063930000106,-2.1066458899951033,0.0015647103717311612,-0.009044787727182514
69.50058440000066,-2.106659037127033,0.0015667131165630719,-0.009052686849774911
69.55076120000012,-2.1066721842612606,0.0015687160123583615,-0.00906058673498343
69.60233530000187,-2.1066853313977574,0.0015707190591299478,-0.009068487383460704
69.64972399999897,-2.1066984785364946,0.0015727222568911136,-0.009076388795861276
69.70037600000069,-2.106711625677444,0.00157472560565454,-0.009084290972839904
69.75164009999935,-2.1067247728205802,0.0015767291054340081,-0.009092193915038977
69.80320410000058,-2.106737919965875,0.0015787327562418736,-0.009100097623116834
