t,wl,wr
0.5561173999994935,-8.764097615150398e-06,-2.380523995073278e-05
0.5806029999985185,-4.025601446035485e-05,-0.00056041521666384
0.6302982999986853,-3.4557084275121415e-05,-0.0005715952298913668
0.6790455000009388,-3.463212911599922e-05,-0.0006232044506659696
0.7303638000012143,-3.769564165124071e-05,-0.0006840161941026238
0.7779657999999472,-3.321626922264959e-05,-0.0006307301115124025
0.8305795999986003,2.1347979263888004e-05,-0.0003334619343501008
0.8791582999983802,2.91354421163806e-05,-0.00040413335602450376
0.9355708000002778,2.4439306308055798e-05,-0.0004013475992006996
0.9842586000013398,1.775749380098207e-05,-0.00033578343885770076
1.0356525999995938,2.3516689379404622e-05,-0.0004352604582002806
1.0811256999986654,3.056090295065466e-05,-0.0003842825663589553
1.127455199999531,2.1782338201431865e-05,-0.0002985684462728433
1.1783813000001828,1.5759074294786427e-05,-0.00024891430159744286
1.2290758000017377,-5.752005290170568e-06,-0.000714367933460597
1.286944499999663,1.4031376353710634e-05,-0.0007754800594990175
1.3288376000018616,9.273611916511994e-06,-0.0007309087815976543
1.3802909000005457,1.7748108648062498e-05,-0.0007193769696122441
1.4311211999993247,-2.5866341258891173e-06,-3.201681303956173e-05
1.480427200000122,-2.5075936005165673e-06,-3.214554291018413e-05
1.528819700000895,-5.834350705303599e-06,-3.431535670300661e-05
1.578492799999367,-6.519836979329702e-07,-3.0330653071076133e-05
1.631504799999675,-4.5055792763914075e-06,-6.185872792558206e-05
1.6854984999990847,-8.057193914292466e-06,-1.678145767000687e-05
1.7309611000018776,-1.440239940763591e-06,-1.237260022728272e-05
1.7827853999988292,-7.98596399716727e-06,-0.0007174147312453918
1.8297113000007812,-6.15140313810314e-06,-0.0007310182631358622
1.8799923000005947,2.1156826964398056e-06,-0.0007225342833742149
1.9297288000016124,2.3942352980050593e-05,-0.0003881555734673325
1.9816911999987497,3.11002371276595e-05,-0.0004394091347955414
2.029218100000435,3.068143449240145e-05,-0.00037112282600250634
2.0822713999987172,2.243450616162789e-05,-0.00031465866030015754
2.1295162999995227,3.1836262271508505e-06,-1.797820726925261e-05
2.1783662999987428,-9.464197132187775e-06,-6.190173666310399e-05
2.230618500001583,-1.4217445568391042e-06,-1.835931357527111e-05
2.2838947999989614,-5.229739963026552e-07,-4.2660691684512036e-05
2.3311662999985856,-1.0399830097573712e-06,-4.106747233951729e-05
2.3814526999994996,4.419183017732872e-06,-0.00020974203769426195
2.429885800000193,3.089261583024795e-06,-1.0758442076704939e-05
2.479153700001916,2.4102711834208274e-05,-0.0006414234032249108
2.53342419999899,2.820261976296794e-05,-0.0006737138980666408
2.5866042000016023,1.9624385312394625e-05,-0.0006172449484918027
2.6324878000013996,3.667037227549e-05,-0.0007254930496788739
2.6801253000012366,2.5557350965188785e-05,-0.0006821810956457469
2.7310604000012972,2.7084634373936987e-05,-0.0005355217248876088
2.7801994000001287,2.418014746702739e-05,-0.0005757635108440831
2.8326448000007076,3.0007134773844177e-05,-0.0006754869491706133
2.8842930999999226,2.6503937354690808e-05,-0.0006619156390127518
2.9288530999983777,-2.7869569384437663e-05,-0.0006719116862589556
2.982158700000582,-3.3355864558133955e-05,-0.0007818422190790853
3.032258700000966,-2.056410754031376e-05,-0.0006886552503369538
3.0790808999990986,-2.623648448902051e-05,-0.0007163760604158642
3.128778800000873,-1.66188233502585e-05,-0.0006931800792099397
3.1801639000004798,-1.8484752032114985e-05,-0.0007162827434239911
3.232006900001579,6.553257018960363e-06,-0.0007343600728797113
3.2878864999984216,-1.5368209151491586e-05,-0.0007511686741660949
3.336005600001954,-6.89918901923649e-06,-0.0007426898394192732
3.3804803999992146,4.521827594869853e-06,-0.0007454598337578396
3.428960699999152,8.69943419094297e-06,-0.0007316803416938711
3.480507000000216,2.3956859779534053e-05,-0.0006982888034675761
3.529232500000944,2.1858611827259103e-05,-0.0007283817216894483
3.581321099998604,2.1084306325077978e-05,-0.000717046043029614
3.6304525999985344,1.5539479573121322e-05,-0.0007334918175912057
3.679064500000095,2.1413229681772004e-05,-0.0007184806453572242
3.7279118000005838,2.6978320354868706e-05,-0.0006979364253674808
3.780059299999266,2.4636074133001298e-05,-0.0005675836746966478
3.8309501000003365,2.4778564563892362e-05,-0.0005818593728179009
3.879860400000325,2.962797521165518e-05,-0.0005882883259982906
3.9320813000013004,3.3087646457236046e-05,-0.0007109832969435931
3.9797909000008076,-2.94541642451892e-06,-0.0007701048755484285
4.030912300000637,2.3669334974917758e-05,-0.000777329771419638
4.0773504999997385,-6.006754395163028e-06,-5.981568576402711e-05
4.12921180000194,3.0618497339104198e-06,-9.011115125650267e-06
4.180130400000053,2.3637346309880546e-06,-1.3099672039945606e-05
4.229933999999048,-6.079880668797545e-07,-7.02990295034801e-05
4.28522779999912,2.595514580041161e-06,-3.077813753812443e-05
4.327759299998434,-6.802887247536201e-06,-0.00010869134635899707
4.379540099998849,-6.2225551556058196e-06,-0.00010752222113007712
4.435603599999013,1.208173212169398e-06,-1.1150332586201579e-05
4.480485000000044,3.612589727130133e-05,-0.0007148771461952465
4.529809899999236,2.259054481083875e-05,-0.0007182312746916125
4.577318200001173,-1.0735963625443127e-05,-0.0001549779011832221
4.628261099998781,1.798073741899684e-05,-0.00023943096503838292
4.680600499999855,2.676131115602015e-05,-0.00039314857340879344
4.729010899998684,-1.4137890538097576e-05,-0.0007174333305529354
4.778136500000983,1.647275516170265e-05,-0.0003661221076487222
4.829124600000796,3.136861080367616e-05,-0.0006549553037286467
4.878643000000011,2.2832902480232114e-05,-0.0006162400615974423
4.927405499998713,4.147545769692929e-05,-0.0011417400717522884
4.985908800001198,-2.3301025437947314e-05,-0.0006278444142113502
5.02838999999949,-2.4095797999165603e-05,-0.0007135763565448957
5.078450299999531,-2.4206459568483375e-05,-0.0007263296740980361
5.137748100001772,2.2473129425134614e-05,-0.00047204292547184466
5.17943920000107,3.119195946610791e-05,-0.0005736471463679585
5.231004000001121,3.1958589379565404e-05,-0.00042028824970530374
5.2792588000011165,3.0305535401532468e-05,-0.0005498851912211068
5.329119400001218,-2.5995470849831117e-05,-0.0007270662072275792
5.379180100000667,-1.7233876594986404e-05,-0.0007523339093207359
5.428078100001585,-3.9926013878063904e-05,-0.0005466311833395437
5.477481900001294,-4.607125684845705e-05,-0.0005240783142082143
5.53032919999896,-3.802017926176938e-05,-0.00042621297145467796
5.5801778999993985,-3.0677141605760664e-05,-0.0003935128444016778
5.6302284999983385,-3.4082681661186234e-05,-0.0004637579199862512
5.6813218999996025,-3.526633153318286e-05,-0.00043264116061474096
5.73304300000018,-4.0672104470235976e-05,-0.0005097401636321328
5.7816015999997035,-3.253390343390444e-05,-0.0004095720475324247
5.831558800000494,-4.0168538316746626e-05,-0.0005487611251024453
5.879085100001248,-2.3929527891370733e-05,-0.00032975222590494004
5.932924299999286,-3.480905115659747e-05,-0.0003703493283324237
5.98765210000056,-3.682755776984142e-05,-0.0004126613779496522
6.032412100001238,-1.3030016270598683e-05,-0.000704933545262517
6.085313600000518,-5.560751738850048e-06,-0.00072366918630098
6.132684399999562,8.293612419963373e-06,-0.0010945477285562045
6.18570439999894,-1.9842823956130295e-05,-0.00019512852613331718
6.233754799999588,3.6079080549534453e-06,-8.055883455819174e-05
6.2796903000016755,7.463083236732858e-06,-5.685717698739243e-05
6.330788300001586,4.592094973937978e-06,-5.945725126688332e-05
6.385012899998401,3.7656797812359144e-06,-3.1865451525452235e-05
6.430257200001506,-8.430196833967954e-06,-1.085530948437645e-05
6.479385300001013,-6.9090412296251525e-06,-7.099770254265179e-05
6.5299034000017855,-1.2354761973242597e-05,-0.00013952603072016736
6.579667000001791,-6.260527786418123e-06,-2.0536612334570495e-05
6.627548899999965,-3.5247620918354345e-06,-2.5814471268145663e-05
6.680261400000745,1.430441996311292e-05,-0.00013811628117216607
6.730874000000767,1.8065403356192008e-05,-0.00017145625646815998
6.779462400001648,2.145816597369907e-05,-0.00021534306626817237
6.8328051999997115,2.621385000417421e-05,-0.00021631963744366158
6.879759999999806,-2.3850614394930145e-06,-7.76211479948248e-05
6.927709999999934,-1.364706156371481e-05,-0.00013629558371374166
6.978003600001102,-6.991873487908485e-06,-9.93501421560065e-05
7.0305200000002515,-1.0204405321602657e-06,-0.000728977486343165
7.077287600001,1.6876900073509898e-05,-0.0007148637829802848
7.138578099998995,1.645487721570404e-05,-0.0007431494472650689
7.179645000000164,-3.308346549859685e-05,-0.0006065164587104657
7.232958000000508,-2.786510317045048e-05,-0.0006548662671599901
7.285790300000372,-2.262235482756882e-05,-0.0006901537328188983
7.329314099999465,2.984635968021522e-05,-0.0005636729653807471
7.37961820000055,3.258262794756433e-05,-0.0005449231008197118
7.435380700000678,3.091554074520922e-05,-0.0006173543300686895
7.490139400000771,2.4341087931975418e-05,-0.000531773723335661
7.537365600001067,2.9439572836162078e-05,-0.0005779965777930241
7.587045100000978,3.1681334047200854e-05,-0.00043387657041776053
7.637430599999789,3.4941357185187e-05,-0.0004897067578252051
7.687249400001747,2.891113962426031e-05,-0.00038101580124353095
7.741031000001385,1.598627981797032e-05,-0.000738787927156248
7.787264999999024,2.6026779102913197e-05,-0.0006652132607640631
7.837939299999562,1.387952216656512e-06,-0.00019979849019746975
7.893266999999469,3.399883313597103e-06,-1.9911317617350474e-05
7.9390013000011095,-2.609844368395342e-07,-1.7027956867796506e-05
7.9811355999991065,1.136697996249905e-05,-5.5925377752398346e-06
8.02997840000171,4.275231476821942e-06,-1.3213857257346763e-05
32.8827526999994,1.937364224602375e-06,-7.741303213130464e-06
32.903258400001505,2.654813486659547e-05,-0.0006189379109207366
32.95125800000096,4.1635512975681855e-06,-1.814286433856865e-05
33.00225320000027,-4.580394100464721e-07,-1.0663435349653426e-05
33.05213469999944,-7.104228266601051e-06,-0.00013660771883400975
33.10395559999961,5.331325642066291e-06,-0.00030238212054074115
33.152150599999004,-2.728307341593658e-06,-1.7727031392366904e-05
33.202049700001226,-8.262923432023935e-06,-2.748738188234898e-05
33.25243709999995,-1.1031989805704541e-05,-7.811316692233497e-05
33.30203619999884,-2.9555768129777935e-06,-2.409765104552351e-05
33.350057700001344,1.4777852532126469e-05,-8.059353950152365e-05
33.4094628999992,1.979203053375066e-05,-9.674241207897452e-05
33.45850910000081,1.1300857409230939e-05,-6.387110906444655e-05
33.51088779999918,5.795799033584331e-06,-3.412313919229884e-05
33.5594216999998,9.265196635169864e-06,-5.1091682165715425e-05
33.60931250000067,1.0342890240879392e-05,-1.8989991816019214e-06
33.65863639999952,4.053388171463479e-06,-1.4537182895736455e-05
33.71101429999908,-4.1848540821212016e-05,-0.00047162823600505315
33.75977749999947,-3.210471793117992e-05,-0.0004465323652525701
33.80792880000081,-4.0202166261005484e-05,-0.0005909233391025246
33.85889930000121,-3.589076740788552e-05,-0.0006075683416665345
33.91016279999894,-4.298469123333093e-05,-0.0006571568963335523
33.96107520000078,-3.243405428632877e-05,-0.0006096028543446638
34.00961349999852,-2.8210642384180462e-05,-0.0006181024759645992
34.05907920000027,-2.7728963725415835e-05,-0.0005857643650966984
34.10767080000005,-2.6799648375048416e-05,-0.0005772175051864912
34.16153800000029,-2.6859628141774666e-05,-0.0005788082070860387
34.206849400001374,-2.6835880072725212e-05,-0.0005785076972029139
34.25866700000188,-2.6834923858624257e-05,-0.0005784492888723978
34.310589400000026,-2.6840242455662735e-05,-0.0005784667218434368
34.36055209999904,-2.684433311854061e-05,-0.0005784679474947881
34.40981610000017,-2.68482442480338e-05,-0.0005784677658707147
34.45777430000089,-2.6852148818797735e-05,-0.000578467818492337
34.50774620000084,-2.6856037855720093e-05,-0.0005784677190513087
34.558911799998896,-2.6859925093994418e-05,-0.0005784675980450654
34.61106220000147,-2.6863812774449764e-05,-0.0005784674809950326
34.659510800000135,-2.6867700807574382e-05,-0.0005784673630583826
34.709866500001226,-2.6871588941486434e-05,-0.0005784672432000059
34.759105699999054,-2.6875477109832754e-05,-0.0005784671211950823
34.80987390000155,-2.6879365529540502e-05,-0.0005784669970627807
34.860610700001416,-2.688325409531196e-05,-0.0005784668707906109
34.90917030000128,-2.6887142746258348e-05,-0.0005784667423454397
34.95918050000182,-2.689103160502461e-05,-0.0005784666118146104
35.01153780000095,-2.6894920335768275e-05,-0.0005784664788868271
35.05962809999983,-2.68988092452752e-05,-0.0005784663438080734
35.108902600000874,-2.690269830136625e-05,-0.0005784662065660328
35.16026540000166,-2.690658765444197e-05,-0.0005784660673363459
35.21025930000178,-2.69104769449809e-05,-0.0005784659258075434
35.258094699998765,-2.6914366396068488e-05,-0.0005784657821716589
35.30888359999881,-2.6918255949591493e-05,-0.0005784656362715267
35.359790300000896,-2.6922145645275104e-05,-0.0005784654882769762
35.4090314999994,-2.692603544079203e-05,-0.0005784653380939851
35.460801100001845,-2.692992554127336e-05,-0.0005784651859158885
35.50779980000152,-2.6933815601856046e-05,-0.0005784650314785749
35.558579000000464,-2.6937705767042556e-05,-0.0005784648748555964
35.61102640000172,-2.694159621282058e-05,-0.0005784647161905013
35.661967700001696,-2.694548679303969e-05,-0.0005784645553905691
35.70869609999863,-2.6949377615252715e-05,-0.000578464392552163
35.76030620000165,-2.6953268544237965e-05,-0.0005784642275903687
35.807398799999646,-2.695715954469383e-05,-0.0005784640604203585
35.85968009999851,-2.6961050674646803e-05,-0.0005784638911872413
35.9086137000013,-2.6964942000450047e-05,-0.0005784637197865872
35.958246000001964,-2.6968833635727973e-05,-0.000578463546457788
36.008419400001,-2.697272533163447e-05,-0.0005784633709574619
36.060721199999534,-2.697661713171112e-05,-0.0005784631932905529
36.1073948000012,-2.698050929408477e-05,-0.0005784630136814476
36.158713400000124,-2.6984401425580335e-05,-0.0005784628318178956
36.209416099998634,-2.6988293869065922e-05,-0.0005784626480081573
36.25793429999976,-2.6992186500855742e-05,-0.0005784624621767722
36.30925030000071,-2.69960793435012e-05,-0.0005784622742439433
36.35769459999938,-2.6999972124737452e-05,-0.000578462084057535
36.41036240000176,-2.7003865316669483e-05,-0.0005784618919754208
36.45635119999861,-2.7007758666981767e-05,-0.0005784616978130263
36.51001969999925,-2.7011652365019365e-05,-0.0005784615017172826
36.5568987000006,-2.7015546136695988e-05,-0.0005784613035046556
36.60850330000176,-2.7019440086702174e-05,-0.00057846110318885
36.658789299999626,-2.7023334155797127e-05,-0.0005784609007821823
36.70969210000112,-2.7027228807759168e-05,-0.0005784606966706282
36.759038500000315,-2.7031123319121874e-05,-0.0005784604901998502
36.81043270000009,-2.7035018206052213e-05,-0.0005784602818822856
36.85658930000136,-2.7038913220484728e-05,-0.0005784600714618892
36.90996520000044,-2.704280842218064e-05,-0.0005784598590063153
36.95806209999864,-2.704670399172467e-05,-0.0005784596446650968
37.008104399999866,-2.7050599688770874e-05,-0.0005784594282493227
37.06028349999906,-2.7054495647847057e-05,-0.0005784592098320246
37.105877599999076,-2.705839183087604e-05,-0.0005784589894548358
37.16085920000114,-2.706228823274039e-05,-0.0005784587670372653
37.20964699999968,-2.7066184993952704e-05,-0.0005784585427626734
37.25745839999945,-2.7070081877463024e-05,-0.0005784583163902804
37.30771180000011,-2.707397903835564e-05,-0.0005784580880274655
37.360700400000496,-2.7077876442109526e-05,-0.0005784578576839436
37.40717479999876,-2.7081774166266846e-05,-0.0005784576254729918
37.458968599999935,-2.7085672076126314e-05,-0.0005784573911994536
37.51226830000087,-2.7089570206729348e-05,-0.0005784571549856274
37.56011900000158,-2.70934686944252e-05,-0.0005784569168837281
37.607880799998384,-2.709736738690517e-05,-0.0005784566767924478
37.65995870000188,-2.7101266217902805e-05,-0.0005784564346338976
37.70824029999858,-2.7105165478678177e-05,-0.0005784561907054091
37.75945249999859,-2.7109064995065053e-05,-0.0005784559448040196
37.80866370000149,-2.7112964804359994e-05,-0.0005784556969763931
37.85816530000011,-2.7116864647135096e-05,-0.0005784554470271999
37.90758619999906,-2.7120765043894132e-05,-0.000578455195381447
37.95768070000122,-2.7124665664866185e-05,-0.0005784549417645279
38.01016230000096,-2.712856650458687e-05,-0.0005784546861606565
38.05686810000043,-2.713246762550623e-05,-0.0005784544286589976
38.10895050000181,-2.7136369071339295e-05,-0.0005784541692853987
38.15942290000021,-2.7140270763503094e-05,-0.0005784539079406333
38.21153889999914,-2.714417285768906e-05,-0.000578453644786378
38.2594351000007,-2.714807516489906e-05,-0.0005784533796158537
38.30915539999842,-2.7151977732057383e-05,-0.0005784531125893486
38.359116799998446,-2.7155880545980118e-05,-0.0005784528436544741
38.41005139999834,-2.715978381153811e-05,-0.0005784525729458451
38.45708300000115,-2.6851080720843906e-05,-0.000578085142615238
38.50817850000021,-2.686965425721601e-05,-0.0005781949706299766
38.55735780000032,-2.8365116618452552e-05,-0.0005810890539656425
38.61018989999866,-2.83675699872107e-05,-0.0005810608546179244
38.66089400000055,-2.8336766323164116e-05,-0.0005809074814660713
38.70902760000172,-2.8360417139452164e-05,-0.0005809848551657065
38.75717280000026,-2.836410358209637e-05,-0.0005809897690870596
38.81046369999967,-2.836681152742267e-05,-0.0005809862913524663
38.857914000000164,-2.8369367125256718e-05,-0.0005809815460219487
38.90736630000174,-2.837198035754353e-05,-0.0005809772002393608
38.957789899999625,-2.8374640349561848e-05,-0.0005809731216243109
39.00592920000054,-2.8377325189499026e-05,-0.0005809691331380336
39.06304539999837,-2.838002732168023e-05,-0.0005809651846064277
39.10734410000077,-2.8382745925581255e-05,-0.0005809612739917137
39.15644940000129,-2.8385480706646052e-05,-0.0005809574037854749
39.20890309999959,-2.8388231089640323e-05,-0.0005809535736128375
39.26021000000037,-2.8390996267050287e-05,-0.0005809497813930006
39.30952400000024,-2.8393775518445283e-05,-0.0005809460253142194
39.357434500001546,-2.8396568299469086e-05,-0.0005809423036369127
39.40710400000171,-2.8399373993254026e-05,-0.0005809386148019114
39.45728220000092,-2.8402192236722485e-05,-0.0005809349574713966
39.51132770000186,-2.840502215331868e-05,-0.0005809313301911495
39.55774949999977,-2.8407863579197983e-05,-0.0005809277319201628
39.607161500000075,-2.841071608163363e-05,-0.0005809241615915814
39.66025470000022,-2.841357917993374e-05,-0.00058092061789274
39.70960660000128,-2.8416452565317534e-05,-0.0005809171001712092
39.75818699999945,-2.841933585094168e-05,-0.0005809136073854612
39.80846759999986,-2.8422228672514243e-05,-0.000580910138689471
39.85826290000114,-2.8425130818919374e-05,-0.000580906693391778
39.909286000001885,-2.842804214010351e-05,-0.0005809032706727252
39.95899060000011,-2.8430962105067768e-05,-0.000580899869691666
40.00854310000068,-2.8433890376581936e-05,-0.0005808964898301711
40.057881100001396,-2.8436827147200285e-05,-0.0005808931307489289
40.10676339999918,-2.8439771826596433e-05,-0.0005808897915502196
40.16169340000124,-2.8442724348850906e-05,-0.0005808864716201249
40.2081356000017,-2.8445684535113682e-05,-0.0005808831705724952
40.25853719999941,-2.844865200114353e-05,-0.0005808798878123204
40.311082299998816,-2.8451626685184282e-05,-0.0005808766229867577
40.36044789999869,-2.845460840994721e-05,-0.0005808733754773782
40.40926549999858,-2.8457597068573343e-05,-0.0005808701449533702
40.45639149999988,-2.8460592592888055e-05,-0.0005808669311612905
40.50793930000145,-2.8463594364288945e-05,-0.0005808637331036732
40.55865569999878,-2.8466602627198558e-05,-0.0005808605510624108
40.607556200000545,-2.8469617306156412e-05,-0.0005808573844782283
40.65780399999858,-2.847263815275012e-05,-0.0005808542329764257
40.70674280000094,-2.847566493851659e-05,-0.000580851096121067
40.75986510000075,-2.8478697422502732e-05,-0.0005808479735513294
40.80583420000039,-2.8481736041511913e-05,-0.0005808448653966235
40.857694999998785,-2.84847802118097e-05,-0.0005808417709488352
40.908861399999296,-2.8487830010938215e-05,-0.0005808386900207879
40.959060500001215,-2.849088501042077e-05,-0.0005808356223014453
41.009610500001145,-2.8493945448434897e-05,-0.0005808325676017231
41.05898750000051,-2.84970111473449e-05,-0.0005808295256556876
41.108253200000036,-2.850008217983571e-05,-0.0005808264963623784
41.160202999999456,-2.85031581420637e-05,-0.0005808234792445728
41.20808820000093,-2.8506239103938205e-05,-0.0005808204743130262
41.257834100000764,-2.8509324923905816e-05,-0.0005808174811481088
41.310367099998984,-2.8512415619323877e-05,-0.0005808144997108224
41.357334500000434,-2.8515511018607998e-05,-0.0005808115296564116
41.40832020000016,-2.8518611156289287e-05,-0.0005808085710480533
41.457409599999664,-2.8521715841548168e-05,-0.0005808056234969959
41.50785879999967,-2.8524825054261852e-05,-0.0005808026867085099
41.55532510000194,-2.8527938837971886e-05,-0.0005807997607080957
41.60842689999845,-2.853105706153319e-05,-0.0005807968454045069
41.658309200000076,-2.853417953343229e-05,-0.0005807939404769931
41.70945660000143,-2.8537305993807605e-05,-0.0005807910454018412
41.758267199998954,-2.854043695284131e-05,-0.000580788160724275
41.810829199999716,-2.854357212673264e-05,-0.0005807852860885025
41.856972000001406,-2.854671133784592e-05,-0.0005807824212343152
41.91029999999955,-2.8549854436127568e-05,-0.0005807795659755775
41.958664400001,-2.8553001719776542e-05,-0.0005807767203877495
42.007442099999025,-2.855615298513631e-05,-0.00058077388426093
42.057971800000814,-2.8559307983967945e-05,-0.000580771057327798
42.107410900000104,-2.856246691333603e-05,-0.0005807682396088232
42.15686750000168,-2.8565629630819774e-05,-0.0005807654309657481
42.20969600000171,-2.8568796139194726e-05,-0.0005807626312167738
42.259356300000945,-2.8571966410705314e-05,-0.0005807598403466348
42.30846699999893,-2.8575140213592483e-05,-0.0005807570582803905
42.35919859999922,-2.857831767050118e-05,-0.0005807542848074461
42.40837250000186,-2.8581498684460374e-05,-0.0005807515198320447
42.45851910000056,-2.858468328166437e-05,-0.0005807487632390006
42.513480900001014,-2.858787141284703e-05,-0.0005807460150402833
42.55661540000074,-2.8591062889096974e-05,-0.0005807432748944994
42.609601200001634,-2.8594257890998908e-05,-0.0005807405431196237
42.657047100001364,-2.8597456125384568e-05,-0.0005807378191041661
42.71007399999871,-2.8600657953770328e-05,-0.0005807351033680232
42.7573967999997,-2.8603863106406682e-05,-0.000580732395427554
42.80780389999927,-2.86070713532693e-05,-0.0005807296952208291
42.8600766999989,-2.8610283096293612e-05,-0.0005807270028576565
42.90926709999985,-2.861349800570869e-05,-0.0005807243181439204
42.958521600001404,-2.861671614552582e-05,-0.0005807216410291404
43.00847870000143,-2.8619937436468144e-05,-0.0005807189714385502
43.05970890000026,-2.8623161767513356e-05,-0.0005807163091325843
43.10732650000136,-2.8626389273449477e-05,-0.0005807136542298977
43.15725590000147,-2.8629619937449686e-05,-0.000580711006648438
43.206943900000624,-2.8632853670002258e-05,-0.0005807083663899401
43.25861250000162,-2.8636090549169733e-05,-0.0005807057334991597
43.30777250000028,-2.8639330280743023e-05,-0.0005807031074548124
43.35992519999854,-2.8642573122848985e-05,-0.0005807004886125166
43.408350199999404,-2.8645818811289213e-05,-0.000580697876563051
43.45878559999983,-2.86490673920339e-05,-0.0005806952714968882
43.50857480000195,-2.865231897905437e-05,-0.0005806926733737827
43.55770470000061,-2.8655573483185842e-05,-0.0005806900821411723
43.608564499998465,-2.865883075524209e-05,-0.0005806874975076234
43.65815250000014,-2.866209081048868e-05,-0.0005806849195348922
43.70890159999908,-2.866535378492793e-05,-0.0005806823483553382
43.759079100000235,-2.8668619534404336e-05,-0.0005806797837954891
43.80797689999963,-2.86718882193798e-05,-0.0005806772258844878
43.85778489999939,-2.8675159677484213e-05,-0.0005806746745163435
43.90819349999947,-2.867843360097763e-05,-0.0005806721293349167
43.95685550000053,-2.868171037687687e-05,-0.0005806695906824687
44.011216499999136,-2.86849898195665e-05,-0.0005806670582715558
44.0593641000014,-2.8688271985251565e-05,-0.0005806645322994159
44.10799970000153,-2.869155680766564e-05,-0.0005806620126741089
44.15771440000026,-2.8694844398004497e-05,-0.0005806594993939
44.20824079999875,-2.86981345356113e-05,-0.0005806569922350097
44.25805620000028,-2.8701427235231207e-05,-0.0005806544911681214
44.30857620000097,-2.8704722520976867e-05,-0.0005806519962792773
44.35912879999887,-2.8708020551575487e-05,-0.0005806495075657017
44.409681000001,-2.8711321172289735e-05,-0.0005806470249559243
44.460054399998626,-2.871462421363711e-05,-0.000580644548256523
44.50719830000162,-2.87179297448331e-05,-0.0005806420775563162
44.55787060000148,-2.872123791350266e-05,-0.000580639612889998
44.607980699998734,-2.8724548667257137e-05,-0.0005806371541009227
44.66047030000118,-2.872786177347013e-05,-0.0005806347010881299
44.70933109999896,-2.873117741498148e-05,-0.0005806322540896232
44.75889280000047,-2.8734495518585856e-05,-0.0005806298128852665
44.80821519999881,-2.8737816184029863e-05,-0.0005806273774771415
44.86126489999879,-2.8741139225351142e-05,-0.0005806249479120853
44.90857419999884,-2.8744464527017114e-05,-0.0005806225238266736
44.958953599998495,-2.8747792406308695e-05,-0.0005806201056839042
45.00589580000087,-2.8751122738846216e-05,-0.0005806176931671902
45.06067489999987,-2.875445532079967e-05,-0.0005806152861906624
45.109440899999754,-2.8757790218955906e-05,-0.0005806128848641289
45.157376600000134,-2.8761127700462348e-05,-0.0005806104893549905
45.20630159999928,-2.8764467501987956e-05,-0.0005806080992986085
45.260691899999074,-2.8767809606705936e-05,-0.0005806057147563921
45.30838829999993,-2.8771154028320585e-05,-0.000580603335804322
45.35659289999967,-2.877450075173981e-05,-0.0005806009623057022
45.40976429999864,-2.87778498963126e-05,-0.0005805985943804018
45.45733399999881,-2.878120117077887e-05,-0.0005805962317042012
45.50787820000187,-2.8784554775499175e-05,-0.0005805938745527482
45.55782199999885,-2.8787910859312814e-05,-0.0005805915229350629
45.6073361000017,-2.8791269122633022e-05,-0.000580589176659285
45.65745519999837,-2.879462960032775e-05,-0.0005805868357715582
45.71085099999982,-2.8797992322234236e-05,-0.0005805845002937401
45.759264299998904,-2.8801357459916635e-05,-0.000580582170182983
45.80746089999957,-2.8804724713441257e-05,-0.0005805798452954783
45.85729360000187,-2.8808094101369644e-05,-0.0005805775256029499
45.90999269999884,-2.8811465860838498e-05,-0.000580575211412791
45.95617620000121,-2.8814839966347378e-05,-0.0005805729025303654
46.007195400001365,-2.8818216119870793e-05,-0.0005805705988000686
46.05909579999934,-2.882159450650374e-05,-0.0005805683003875667
46.11074849999932,-2.8824975091204802e-05,-0.0005805660072481036
46.160271900000225,-2.8828357858187997e-05,-0.0005805637192076868
46.20866020000176,-2.8831742767034275e-05,-0.0005805614363566951
46.2584053999999,-2.8835129870826157e-05,-0.0005805591587766608
46.30875459999879,-2.8838519172165742e-05,-0.0005805568863282855
46.3588665999996,-2.8841910662032464e-05,-0.0005805546189773952
46.40629819999958,-2.8845304329844507e-05,-0.0005805523568804617
46.459770900000876,-2.88487000286708e-05,-0.0005805500998206448
46.507260999998834,-2.8852097882197127e-05,-0.0005805478478888441
46.56071620000148,-2.8855497882790694e-05,-0.0005805456010397831
46.608226399999694,-2.88589001402595e-05,-0.0005805433594934249
46.65754880000168,-2.8862304387282668e-05,-0.0005805411228094966
46.709749400000874,-2.8865710620390737e-05,-0.0005805388912046651
46.75780540000051,-2.8869119185487584e-05,-0.0005805366647713912
46.80900860000111,-2.8872529730944745e-05,-0.0005805344432992531
46.85891160000028,-2.8875942452612507e-05,-0.0005805322269261609
46.90823680000176,-2.8879357221774394e-05,-0.0005805300155606953
46.96163819999856,-2.8882774167320343e-05,-0.0005805278093079801
47.00727589999951,-2.888619311543108e-05,-0.0005805256079381642
47.06052049999926,-2.8889614139311922e-05,-0.0005805234116722521
47.110488800000894,-2.8893037246595662e-05,-0.0005805212202732802
47.159157900001446,-2.8896462488283167e-05,-0.0005805190340349369
47.21076549999998,-2.8899889850496652e-05,-0.0005805168528470677
47.257635500001925,-2.8903319160804597e-05,-0.0005805146765037607
47.31013449999955,-2.890675049189192e-05,-0.000580512504996516
47.35928970000168,-2.891018397976094e-05,-0.0005805103386289096
47.410331800001586,-2.8913619581390522e-05,-0.0005805081773667683
47.45701339999869,-2.918211931338713e-05,-0.0005821802929351789
47.50677759999962,-2.917832704862102e-05,-0.0005821302994072848
47.560185999998794,-2.9184351092905264e-05,-0.0005821510454264237
47.60958599999867,-2.9188660009670326e-05,-0.0005821586573484538
47.65838810000059,-2.919167617823523e-05,-0.0005821570021143443
47.70924029999878,-2.9194442325095414e-05,-0.000582153646248065
47.75731779999842,-2.9197246884284465e-05,-0.0005821505864433984
47.812344800000574,-2.9200087977790754e-05,-0.0005821477890130555
47.85922439999922,-2.920293679740846e-05,-0.0005821450481194323
47.90737209999861,-2.9205783989855548e-05,-0.0005821422970648398
47.95892100000128,-2.9208629001061335e-05,-0.0005821395331332215
48.00861689999874,-2.9211472614253477e-05,-0.0005821367617915584
48.058395399999426,-2.9214315300756334e-05,-0.0005821339852883991
48.10819189999893,-2.9217156886577146e-05,-0.0005821312036303354
48.15659940000114,-2.9219997434859847e-05,-0.0005821284167920407
48.20713569999862,-2.9222836871011324e-05,-0.0005821256246116648
48.2606784999989,-2.922567513969391e-05,-0.0005821228271306679
48.30890649999856,-2.9228512459656225e-05,-0.0005821200244000509
48.35807080000086,-2.9231348689691777e-05,-0.0005821172164454876
48.409725000001345,-2.9234183862760315e-05,-0.000582114403160119
48.462299099999655,-2.9237017992045738e-05,-0.0005821115847101317
48.50750160000098,-2.923985092055557e-05,-0.0005821087608148474
48.559406399999716,-2.9242682869293584e-05,-0.0005821059317549444
48.609305800000584,-2.924551384329048e-05,-0.0005821030975078713
48.658834199999546,-2.9248343651726662e-05,-0.0005821002579168089
48.708986300000106,-2.9251172520636623e-05,-0.0005820974131972102
48.75692849999905,-2.925400032546719e-05,-0.0005820945632227869
48.80951930000083,-2.9256827074198116e-05,-0.0005820917080067234
48.85813490000146,-2.925965268373613e-05,-0.0005820888474865692
48.906582899999194,-2.92624774704948e-05,-0.0005820859819450846
48.958179799999925,-2.9265301107131808e-05,-0.0005820831110793866
49.0065082000001,-2.9268123731210727e-05,-0.0005820802350501108
49.05790329999945,-2.9270945241597162e-05,-0.0005820773537840517
49.10854660000041,-2.9273765818528915e-05,-0.0005820744673408839
49.16016909999962,-2.9276585450383297e-05,-0.0005820715758135886
49.20791939999981,-2.9279403912860588e-05,-0.0005820686789544471
49.2580506000013,-2.928222133207519e-05,-0.0005820657769747489
49.30925760000173,-2.9285037805865492e-05,-0.0005820628698255747
49.356505700001435,-2.9287853313761755e-05,-0.0005820599575620888
49.40791280000121,-2.9290667767640048e-05,-0.0005820570401173307
49.459046700001636,-2.9293481094988905e-05,-0.0005820541174684022
49.51052229999914,-2.9296293560180205e-05,-0.0005820511897665713
49.56167650000134,-2.929910502651772e-05,-0.0005820482569327344
49.609101900001406,-2.9301915461388658e-05,-0.0005820453189023597
49.656756100001076,-2.9304724901742626e-05,-0.0005820423758190827
49.70864559999973,-2.9307533306293203e-05,-0.000582039427501798
49.75994939999873,-2.9310340878870404e-05,-0.0005820364742436737
49.810050399999454,-2.931314727478468e-05,-0.0005820335157591748
49.85917350000091,-2.931595275910176e-05,-0.0005820305522398142
49.90861159999986,-2.931875725011617e-05,-0.0005820275836026726
49.961185000000114,-2.932156088920789e-05,-0.0005820246099934664
50.009093500000745,-2.9324363491108448e-05,-0.000582021631261275
50.05740330000117,-2.9327164906458147e-05,-0.0005820186472843204
50.107055699998455,-2.932996550267142e-05,-0.0005820156583859556
50.159466500001145,-2.9332765156582903e-05,-0.0005820126644506476
50.208639600001334,-2.9335563748323193e-05,-0.0005820096653645987
50.257475800000975,-2.933836147859981e-05,-0.000582006661377262
50.3094557000004,-2.9341158233441414e-05,-0.0005820036522582664
50.3576968999987,-2.934395395525519e-05,-0.0005820006380613881
50.40859759999876,-2.934674872193022e-05,-0.0005819976189153439
50.45797400000083,-2.9349542576314176e-05,-0.0005819945947386014
50.509490899999946,-2.9352335527948032e-05,-0.0005819915655627328
50.55721249999988,-2.9355127506575498e-05,-0.0005819885313735136
50.60987960000057,-2.935791844402192e-05,-0.0005819854921591472
50.65714210000078,-2.9360708623220724e-05,-0.0005819824481038616
50.70693210000172,-2.9363497761065008e-05,-0.0005819793989627138
50.75972009999896,-2.936628591549457e-05,-0.0005819763448668486
50.80853070000012,-2.9369073087376743e-05,-0.0005819732857892046
50.85826499999894,-2.93718594269386e-05,-0.0005819702217526801
50.908199099998455,-2.937464486375036e-05,-0.0005819671527996024
50.957206700000825,-2.9377429288524447e-05,-0.0005819640789053382
51.00815069999953,-2.9380212827722195e-05,-0.0005819610000952147
51.05984009999884,-2.9382995471802633e-05,-0.0005819579163026184
51.10702749999837,-2.9385777099682055e-05,-0.0005819548275681418
51.15700270000161,-2.9388557814923457e-05,-0.0005819517339715823
51.21038140000019,-2.9391337693507726e-05,-0.0005819486355115521
51.258330199998454,-2.93941167345675e-05,-0.0005819455321623774
51.3082753000017,-2.9396894780242946e-05,-0.0005819424238730569
51.35710670000117,-2.9399671909637454e-05,-0.0005819393107549602
51.40699080000195,-2.9402448175486612e-05,-0.0005819361927053916
51.458477299998776,-2.9405223422879617e-05,-0.0005819330697170653
51.50967440000022,-2.9407997874554964e-05,-0.0005819299419776784
51.55689659999916,-2.941077138392852e-05,-0.0005819268093671879
51.60715319999872,-2.941354417998378e-05,-0.000581923671998351
51.66116030000194,-2.941631598915486e-05,-0.0005819205298132278
51.70981810000012,-2.941908669538875e-05,-0.0005819173826039984
51.757571400001325,-2.9421856714672143e-05,-0.0005819142307071992
51.80756130000009,-2.9424625918982448e-05,-0.0005819110739927262
51.86031250000087,-2.9427394322370923e-05,-0.0005819079126385615
51.909663499998715,-2.9430161567311062e-05,-0.0005819047462124124
51.956756899999164,-2.9432928224873835e-05,-0.0005819015752298387
52.01090649999969,-2.9435693836398348e-05,-0.0005818983993255075
52.057491100000334,-2.9438458685511894e-05,-0.0005818952188116691
52.10965260000012,-2.9441222434810756e-05,-0.0005818920332990515
52.158910000001924,-2.944398555926222e-05,-0.0005818888431953148
52.20902589999969,-2.944674776552455e-05,-0.0005818856483949877
52.25830109999879,-2.944950895471851e-05,-0.0005818824486916382
52.30885340000168,-2.9452269465288643e-05,-0.0005818792443655976
52.35773540000082,-2.9455029177018615e-05,-0.0005818760353679466
52.408659600001556,-2.945778809251051e-05,-0.0005818728217351145
52.458630600001925,-2.946054597965833e-05,-0.0005818696032630978
52.50888390000182,-2.9463303116364774e-05,-0.0005818663801451447
52.560393899999326,-2.9466059381372675e-05,-0.0005818631523281727
52.60750769999868,-2.9468814774508553e-05,-0.0005818599198395902
52.65826809999999,-2.94715692933438e-05,-0.0005818566826443561
52.707954400000744,-2.9474323162698576e-05,-0.000581853440926351
52.7583068999993,-2.9477075996770382e-05,-0.000581850194433693
52.81045280000035,-2.947982804397162e-05,-0.000581846943336038
52.85819089999859,-2.948257933552731e-05,-0.0005818436876056304
52.908293100001174,-2.9485329865886345e-05,-0.0005818404273316352
52.95853110000098,-2.9488079498352504e-05,-0.0005818371623947033
53.00729860000138,-2.949082838731618e-05,-0.000581833892936735
53.05802509999921,-2.949357624481328e-05,-0.0005818306186392352
53.11023579999892,-2.9496323511810507e-05,-0.0005818273399924367
53.15955119999853,-2.949907001726413e-05,-0.0005818240567777643
53.20621309999842,-2.9501815608865426e-05,-0.0005818207689074411
53.25843270000041,-2.950456039937142e-05,-0.0005818174765015098
53.30903979999857,-2.9507304483844958e-05,-0.0005818141796186042
53.35819089999859,-2.9510047680833965e-05,-0.0005818108780831703
53.40806760000123,-2.951279017699469e-05,-0.000581807572146049
53.45701299999928,-2.951553168783248e-05,-0.0005818042615182355
53.51076599999942,-2.9518272645640427e-05,-0.0005818009465529193
53.55760240000018,-2.9521012688208266e-05,-0.0005817976269857287
53.61170839999977,-2.9523751968191665e-05,-0.0005817943029190124
53.65826830000151,-2.9526490615694892e-05,-0.0005817909745664883
53.70816420000119,-2.9529228262956556e-05,-0.0005817876415198024
53.75903079999989,-2.9531965265941913e-05,-0.000581784304129022
53.81227629999921,-2.9534701513628683e-05,-0.000581780962238022
53.85845220000192,-2.9537436907831496e-05,-0.0005817776158991908
53.90983369999958,-2.9540171651513002e-05,-0.0005817742651846933
53.95917869999903,-2.9542905606242275e-05,-0.0005817709100296506
54.010266799999954,-2.9545638743569853e-05,-0.0005817675504083887
54.057797699999355,-2.9548371150925778e-05,-0.0005817641864336651
54.10686200000055,-2.9551102998659923e-05,-0.0005817608181779906
54.1571397000007,-2.9553833922827283e-05,-0.0005817574453815039
54.20886210000026,-2.955656412777829e-05,-0.0005817540682926177
54.2618939999993,-2.955929361073739e-05,-0.000581750686764921
54.310608499999944,-2.9562022294682853e-05,-0.0005817473009111707
54.357614900000044,-2.9564750304514774e-05,-0.0005817439107410816
54.407018199999584,-2.9567477509435e-05,-0.000581740516171387
54.45883680000043,-2.957020416271316e-05,-0.0005817371174713155
54.50812450000012,-2.957292983066839e-05,-0.0005817337141773494
54.55674809999982,-2.9575654843245093e-05,-0.0005817303066825769
54.60959229999935,-2.957837923617856e-05,-0.0005817268949512628
54.65801840000131,-2.958110293973293e-05,-0.0005817234789605087
54.707767500000045,-2.9583825800211678e-05,-0.0005817200585892307
54.75936599999841,-2.9586547920310456e-05,-0.0005817166339685742
54.80819459999839,-2.9589269480440493e-05,-0.0005817132052012348
54.861870000000636,-2.959199026514914e-05,-0.0005817097721449649
54.91049280000152,-2.959471040141815e-05,-0.0005817063349305628
54.96012289999999,-2.9597429921860324e-05,-0.0005817028934702517
55.00893770000039,-2.9600148668962772e-05,-0.0005816994477272552
55.06107010000051,-2.9602866713155264e-05,-0.0005816959978559637
55.11148939999839,-2.9605584109602017e-05,-0.0005816925438202951
55.16017439999996,-2.9608300674075385e-05,-0.0005816890854505934
55.209833799999615,-2.96110166442325e-05,-0.0005816856230171284
55.262434200001735,-2.9613731868111568e-05,-0.000581682156351979
55.320011499999964,-2.9616446661085325e-05,-0.0005816786857406807
55.35939059999873,-2.9619160513492013e-05,-0.0005816752107682875
55.40758410000126,-2.962187370809156e-05,-0.0005816717317366414
55.45873009999923,-2.9624586337171252e-05,-0.0005816682486068846
55.509016600000905,-2.9627298175910933e-05,-0.0005816647612804847
55.560169500000484,-2.9630009458498257e-05,-0.0005816612699930172
55.60816909999994,-2.9632720021869235e-05,-0.0005816577745810711
55.65823409999939,-2.963542999196479e-05,-0.0005816542750512385
55.70782269999836,-2.963813928690596e-05,-0.000581650771506562
55.75960810000106,-2.9640847894549694e-05,-0.0005816472638998569
55.80832780000128,-2.964355592036717e-05,-0.0005816437522162045
55.859781800001656,-2.9646263380317854e-05,-0.0005816402366429555
55.91110710000066,-2.964896996041678e-05,-0.0005816367168453076
55.961205799998424,-2.9651676073875104e-05,-0.0005816331931264908
56.00823870000022,-2.965438161383384e-05,-0.0005816296655257099
56.05894370000169,-2.9657086358248387e-05,-0.0005816261338157161
56.10748700000113,-2.9659790507652788e-05,-0.0005816225981085722
56.15767720000076,-2.9662494066210366e-05,-0.0005816190584792187
56.207404299999325,-2.966519698951221e-05,-0.000581615514955064
56.257554299998446,-2.9667899169311574e-05,-0.0005816119673584725
56.30972660000043,-2.96706008644292e-05,-0.0005816084158927538
56.361690500001714,-2.9673302056477018e-05,-0.0005816048606161945
56.40867620000063,-2.9676002511961246e-05,-0.0005816013013348525
56.460359400000016,-2.967870231553639e-05,-0.0005815977380549731
56.509112200001255,-2.9681401625062298e-05,-0.0005815941710697242
56.55822270000135,-2.968410011892122e-05,-0.0005815906000328553
56.61127789999955,-2.9686798082995584e-05,-0.0005815870251601657
56.655674000001454,-2.9689495613736035e-05,-0.0005815834465928621
56.708871899998485,-2.9692192319441998e-05,-0.0005815798640284086
56.75746770000114,-2.9694888559201234e-05,-0.0005815762777044625
56.811397500001476,-2.9697584122418316e-05,-0.0005815726874291631
56.85768879999887,-2.9700279277975387e-05,-0.0005815690936080891
56.90550749999966,-2.970297365880494e-05,-0.0005815654957444154
56.956922000001214,-2.9705667600402522e-05,-0.0005815618941836992
57.01082529999985,-2.970836092686715e-05,-0.0005815582888607146
57.057135499999276,-2.9711053670811638e-05,-0.0005815546797567267
57.108238799999526,-2.9713745915849654e-05,-0.0005815510669605533
57.15770820000034,-2.9716437389282675e-05,-0.0005815474502702726
57.208891700000095,-2.9719128466157903e-05,-0.0005815438300349111
57.26173149999886,-2.972181900247217e-05,-0.0005815402060143167
57.307998500000394,-2.972450899098189e-05,-0.0005815365783446243
57.35881779999909,-2.972719839072646e-05,-0.0005815329469334803
57.40840200000093,-2.972988717429725e-05,-0.0005815293117718641
57.45880419999958,-2.9732575545350798e-05,-0.0005815256730745344
57.510062400000606,-2.9735263179840757e-05,-0.0005815220305396497
57.561286899999686,-2.9737950455936855e-05,-0.0005815183844992357
57.60730279999916,-2.9740637146043353e-05,-0.0005815147347746159
57.65863430000172,-2.9743323211649403e-05,-0.0005815110813911172
57.70800750000126,-2.9746008830737624e-05,-0.0005815074244455376
57.758549900001526,-2.9748693999491633e-05,-0.0005815037639444687
57.807749200001126,-2.9751378462560136e-05,-0.0005815000997487856
57.86147340000025,-2.97540624673147e-05,-0.000581496432018777
57.906978700000764,-2.9756745880181604e-05,-0.0005814927606545228
57.959370699998544,-2.9759428891633506e-05,-0.000581489085849271
58.00754769999912,-2.976211124666604e-05,-0.0005814854073653646
58.05885069999931,-2.9764793152058248e-05,-0.0005814817253967457
58.11038869999902,-2.976747459393234e-05,-0.0005814780400037827
58.15970440000092,-2.977015539326487e-05,-0.000581474350920022
58.20844059999945,-2.977283592579691e-05,-0.0005814706585336948
58.258277900000394,-2.97755159066869e-05,-0.0005814669626373281
58.312619399999676,-2.9778195319628417e-05,-0.0005814632632309218
58.35835370000132,-2.978087420105067e-05,-0.000581459560296435
58.407471099999384,-2.9783552776814627e-05,-0.0005814558540562591
58.45575409999947,-2.978623057021831e-05,-0.0005814521441520002
58.50841750000109,-2.9788908096474573e-05,-0.0005814484310246252
58.558605800000805,-2.9791585170661906e-05,-0.0005814447145308458
58.611870600001566,-2.9794261658165756e-05,-0.0005814409945447211
58.66097660000014,-2.9796937661334804e-05,-0.0005814372711658242
58.70961670000179,-2.9799613288762758e-05,-0.0005814335444725646
58.75611360000039,-2.9802288346854464e-05,-0.0005814298143431648
58.80768570000146,-2.9804962880712732e-05,-0.0005814260807942781
58.8589925999986,-2.980763710683106e-05,-0.000581422344035459
58.90876940000089,-2.9810310656754167e-05,-0.0005814186038189892
58.96224110000185,-2.981298394091765e-05,-0.0005814148603783621
59.00532369999928,-2.981565679278804e-05,-0.0005814111136441893
59.05840199999875,-2.9818329090587746e-05,-0.0005814073635495101
59.108325799999875,-2.982100088982793e-05,-0.000581403610128325
59.15845429999899,-2.9823672369878994e-05,-0.0005813998535409227
59.20811049999975,-2.9826343407228623e-05,-0.0005813960936936281
59.25830019999921,-2.9829013886344242e-05,-0.0005813923305333585
59.31103090000033,-2.9831684076454926e-05,-0.000581388564267587
59.359472500000265,-2.9834353762108026e-05,-0.0005813847947068818
59.40832429999864,-2.983702293081353e-05,-0.0005813810218887129
59.45825500000137,-2.9839691826126613e-05,-0.0005813772459279188
59.50818540000182,-2.9842360268329925e-05,-0.000581373466841153
59.558787900001334,-2.9845028255341795e-05,-0.0005813696845621491
59.60492339999837,-2.9847695812142246e-05,-0.0005813658990596821
59.65228980000029,-2.985036297099713e-05,-0.0005813621104215289
59.70597160000034,-2.985302978464204e-05,-0.0005813583187698141
59.753169999999955,-2.9855696061910457e-05,-0.0005813545238148388
59.80394670000169,-2.985836215009401e-05,-0.0005813507259427524
59.85217620000185,-2.9861027666859652e-05,-0.000581346924841305
59.902455600000394,-2.9863692764863048e-05,-0.0005813431206700909
59.95103849999941,-2.9866357508635907e-05,-0.0005813393134405593
60.003012000001036,-2.986902173129783e-05,-0.0005813355030885253
60.05285450000156,-2.987168571144543e-05,-0.0005813316897683795
60.10115450000012,-2.987434937171e-05,-0.000581327873410039
60.152067899998656,-2.9877012498026694e-05,-0.0005813240539389108
60.203709000001254,-2.9879675395359885e-05,-0.0005813202315929988
60.252679799999896,-2.988233782431774e-05,-0.0005813164061662178
60.30298649999895,-2.988499985706475e-05,-0.0005813125777768761
60.35134309999921,-2.9887661492213145e-05,-0.0005813087463014614
60.40192759999991,-2.9890322861948846e-05,-0.0005813049120161416
60.45347920000131,-2.989298365645024e-05,-0.0005813010746149115
60.50156209999841,-2.9895644425624673e-05,-0.0005812972345099413
60.553280000000086,-2.9898304575849768e-05,-0.0005812933913084898
60.603072599998995,-2.9900964354844042e-05,-0.0005812895451757026
60.652659600000334,-2.99036239582843e-05,-0.0005812856962444593
60.70176690000153,-2.9906283058307802e-05,-0.0005812818443634923
60.75178589999996,-2.990894179126382e-05,-0.0005812779895758227
60.8020319999996,-2.9911600361502772e-05,-0.0005812741320427797
60.85267930000191,-2.991425853587783e-05,-0.0005812702716446675
60.901649200000975,-2.9916916245000054e-05,-0.0005812664083211175
60.95175709999967,-2.9919573701546534e-05,-0.0005812625421720498
61.00283309999941,-2.9922230897190608e-05,-0.0005812586733345079
61.05349869999918,-2.9924887624112395e-05,-0.000581254801598243
61.10227890000169,-2.992754417756184e-05,-0.0005812509271443602
61.15350659999967,-2.993020013530724e-05,-0.0005812470497022428
61.20279500000106,-2.9932856007357297e-05,-0.0005812431697354088
61.252754600001936,-2.9935511406868683e-05,-0.0005812392867900546
61.302880399998685,-2.993816664400995e-05,-0.000581235401300555
61.35155680000025,-2.9940821438449787e-05,-0.00058123151299664
61.402977000001556,-2.9943476112152868e-05,-0.000581227622046925
61.45270879999953,-2.994613028417393e-05,-0.0005812237282866107
61.503092599999945,-2.994878421021119e-05,-0.0005812198318673123
61.55100609999863,-2.995143791732635e-05,-0.0005812159328022137
61.60252549999859,-2.995409129970128e-05,-0.0005812120310816005
61.652814000000944,-2.9956744348662357e-05,-0.00058120812666488
61.703242300001875,-2.9959397131516852e-05,-0.0005812042196224821
61.7518342000003,-2.996204949387437e-05,-0.0005812003098461598
61.80235850000099,-2.9964701763250713e-05,-0.0005811963976710622
61.85268020000149,-2.996735356112922e-05,-0.0005811924826884878
61.90281959999993,-2.9970005119962833e-05,-0.0005811885651569108
61.952035800000886,-2.9972656472364343e-05,-0.0005811846450773722
62.001742899999954,-2.9975307595088472e-05,-0.0005811807225019132
62.05131040000197,-2.997795835837789e-05,-0.0005811767972976544
62.102900699999736,-2.998060889615327e-05,-0.0005811728695405764
62.15335899999991,-2.9983259198006243e-05,-0.0005811689393292117
62.2011734000007,-2.9985909176159822e-05,-0.0005811650065032718
62.252574999998615,-2.9988558989167727e-05,-0.000581161071248719
62.30289980000089,-2.9991208491660125e-05,-0.0005811571334708375
62.353239799998846,-2.9993857690228975e-05,-0.0005811531931810763
62.40149620000011,-2.999650667230433e-05,-0.0005811492504068442
62.450891799999226,-2.9999155401457007e-05,-0.000581145305186999
62.502703300000576,-3.0001803865890882e-05,-0.0005811413575545003
62.55217730000004,-3.0004452127362106e-05,-0.0005811374074614697
62.60210050000023,-3.000710022576933e-05,-0.0005811334549977662
62.6510429000009,-3.0009748076804976e-05,-0.0005811295001297358
62.70244710000043,-3.0012395601712616e-05,-0.0005811255428199089
62.75237289999859,-3.0015042869534237e-05,-0.0005811215830259578
62.80326480000076,-3.0017690041599118e-05,-0.0005811176210445204
62.8524737000007,-3.002033701000747e-05,-0.0005811136566809607
62.9025146999993,-3.0022983740064806e-05,-0.0005811096899467279
62.951681599999574,-3.002563011103439e-05,-0.0005811057207835355
63.00232880000112,-3.0028276361614167e-05,-0.0005811017493180178
63.052614500000345,-3.003092239465961e-05,-0.0005810977756400339
63.10245049999867,-3.0033568212252405e-05,-0.0005810937995858258
63.15198310000051,-3.003621385880146e-05,-0.0005810898212854977
63.203844700001355,-3.0038859258325905e-05,-0.0005810858406918653
63.25080480000179,-3.0041504542317755e-05,-0.0005810818579058891
63.30254699999932,-3.00441495817136e-05,-0.0005810778727433419
63.35273389999929,-3.0046794359513138e-05,-0.0005810738853596548
63.4041169000011,-3.004943899610619e-05,-0.0005810698958030532
63.45132100000046,-3.0052083467553567e-05,-0.0005810659040256583
63.50129300000117,-3.005472766491463e-05,-0.0005810619099986742
63.55212549999851,-3.005737174813089e-05,-0.0005810579138043264
63.60170030000154,-3.006001564191535e-05,-0.0005810539154394929
63.653217200000654,-3.00626592453071e-05,-0.0005810499148601111
63.702497800000856,-3.0065302954170032e-05,-0.0005810459122601236
63.75074390000009,-3.0067946326496615e-05,-0.000581041907446282
63.802506700001686,-3.0070589468798868e-05,-0.0005810379004126881
63.853766899999755,-3.007323251187493e-05,-0.0005810338912832013
63.90202370000043,-3.007587538911143e-05,-0.0005810298801504559
63.95190569999977,-3.0078518184122038e-05,-0.0005810258669065521
64.00291800000196,-3.0081160740434698e-05,-0.0005810218514692638
64.05258039999899,-3.0083803071580247e-05,-0.0005810178339999205
64.10176779999892,-3.0086445307662953e-05,-0.0005810138144228881
64.15181020000091,-3.008908738831444e-05,-0.0005810097928478014
64.20216509999955,-3.0091729386393077e-05,-0.0005810057693388447
64.25212680000186,-3.009437126685747e-05,-0.0005810017437319134
64.30277159999969,-3.009701290966475e-05,-0.0005809977160877232
64.3505828999987,-3.0099654519512276e-05,-0.0005809936864874585
64.40173309999955,-3.010229595796913e-05,-0.0005809896548887925
64.45156530000168,-3.0104937154605524e-05,-0.0005809856212705615
64.50344259999838,-3.0107578425141143e-05,-0.0005809815857992987
64.55256839999856,-3.0110219353242345e-05,-0.0005809775481627541
64.60302090000187,-3.0112860220975173e-05,-0.0005809735087047499
64.65207240000018,-3.0115501043952136e-05,-0.0005809694672643037
64.70182919999934,-3.01181417683968e-05,-0.0005809654239697851
64.75061060000007,-3.012078222742878e-05,-0.0005809613787063553
64.80104950000168,-3.012342281136085e-05,-0.0005809573316967527
64.85157990000152,-3.012606314930912e-05,-0.0005809532826779936
64.90378490000148,-3.0128703353336748e-05,-0.0005809492316771393
64.95088659999965,-3.0131343472709865e-05,-0.0005809451788905608
65.00250529999903,-3.0133983569878525e-05,-0.0005809411243446256
65.05315360000168,-3.0136623506064844e-05,-0.0005809370678856376
65.10279540000192,-3.01392632732891e-05,-0.0005809330095430865
65.1541819999984,-3.014190304918697e-05,-0.0005809289494477709
65.20081109999956,-3.014454283618707e-05,-0.000580924887624324
65.25303070000155,-3.0147182320998347e-05,-0.0005809208238538233
65.30204619999859,-3.014982173399206e-05,-0.0005809167582913532
65.35300600000119,-3.0152461216027784e-05,-0.0005809126910500179
65.40262390000134,-3.015510047601889e-05,-0.0005809086219476712
65.45087209999838,-3.015773988450233e-05,-0.0005809045512903183
65.50161630000002,-3.0160379050818368e-05,-0.0005809004787379535
65.55330529999992,-3.016301816717437e-05,-0.0005808964044355996
65.60160339999857,-3.016565722073339e-05,-0.0005808923284269717
65.65208699999857,-3.0168296294415198e-05,-0.000580888250805398
65.70118999999977,-3.017093527164638e-05,-0.0005808841714650603
65.75420400000075,-3.0173574166998614e-05,-0.0005808800903917338
65.80230920000031,-3.0176212996431362e-05,-0.0005808760076565422
65.85182150000037,-3.017885177486323e-05,-0.0005808719232032804
65.90165429999979,-3.0181490489457282e-05,-0.0005808678370989087
65.95223679999981,-3.0184129045844544e-05,-0.0005808637492747325
66.00236719999884,-3.018676777396944e-05,-0.0005808596599940821
66.05141889999868,-3.0189406446930127e-05,-0.0005808555690623221
66.10129640000014,-3.0192044944683736e-05,-0.0005808514764648806
66.15216969999892,-3.0194683389354816e-05,-0.0005808473822267378
66.20259879999867,-3.0197321822576718e-05,-0.0005808432863905675
66.25290550000136,-3.0199960359882025e-05,-0.000580839189106944
66.30392479999864,-3.0202598706714698e-05,-0.0005808350901021278
66.35215260000041,-3.0205237080609057e-05,-0.0005808309895884492
66.40206810000018,-3.020787549891233e-05,-0.0005808268875780512
66.45141579999836,-3.0210513825275263e-05,-0.0005808227839869733
66.50160980000146,-3.0213152102372056e-05,-0.0005808186788395011
66.55077589999928,-3.021579038432607e-05,-0.0005808145721890648
66.60195089999979,-3.021842863401423e-05,-0.0005808104640006225
66.65181030000167,-3.022106691007018e-05,-0.0005808063543546655
66.70122700000138,-3.0223705058797426e-05,-0.000580802243088824
66.75154090000069,-3.0226343393487038e-05,-0.0005807981305156947
66.80145279999851,-3.02289817084008e-05,-0.0005807940164736015
66.85301450000043,-3.02316199258231e-05,-0.0005807899009018292
66.90238559999852,-3.023425811236732e-05,-0.0005807857838472153
66.95000100000107,-3.023689639605606e-05,-0.0005807816653892101
67.00130139999965,-3.0239534614172247e-05,-0.0005807775454643228
67.05247840000084,-3.0242172922147114e-05,-0.0005807734241908614
67.10124709999945,-3.0244811298470086e-05,-0.0005807693015986631
67.15103539999836,-3.0247449611996065e-05,-0.0005807651775038476
67.20154049999837,-3.0250087958481793e-05,-0.0005807610519834361
67.25352930000008,-3.0252726339661988e-05,-0.000580756925131104
67.30167939999956,-3.025536475518971e-05,-0.0005807527969315856
67.34988739999972,-3.025800308328737e-05,-0.0005807486672395112
67.4017473999993,-3.0260641552244572e-05,-0.0005807445363338241
67.4519337999991,-3.026327992544504e-05,-0.0005807404038956826
67.50474369999938,-3.0265918444015335e-05,-0.000580736270314705
67.55116590000034,-3.026855681617497e-05,-0.000580732135256784
67.60300149999966,-3.0271195392338087e-05,-0.0005807279989852503
67.65126389999932,-3.0273833977868707e-05,-0.0005807238614289805
67.70289350000166,-3.0276472648747726e-05,-0.0005807197225394022
67.75072269999873,-3.0279111433077656e-05,-0.00058071558245113
67.80175070000041,-3.028174998981187e-05,-0.0005807114408564239
67.85480539999844,-3.0284388772060135e-05,-0.0005807072981237392
67.90824069999871,-3.0287027577900636e-05,-0.000580703154152115
67.95076730000073,-3.0289666467354816e-05,-0.0005806990088353863
68.00209750000067,-3.029230547164768e-05,-0.0005806948624132916
68.05137240000113,-3.0294944440899135e-05,-0.0005806907147161753
68.1027834000015,-3.029758356974515e-05,-0.0005806865657665886
68.15087910000148,-3.0300222646202515e-05,-0.0005806824155902054
68.19996270000047,-3.030286191694891e-05,-0.000580678264199169
68.252766900001,-3.0305501123510535e-05,-0.000580674111575438
68.30204869999943,-3.030814052783064e-05,-0.0005806699578699333
68.3530228999989,-3.0310779974477996e-05,-0.0005806658029261832
68.40042919999905,-3.03134193850431e-05,-0.0005806616467518202
68.45101179999983,-3.031605895520277e-05,-0.0005806574894408664
68.50092349999977,-3.0318698609669995e-05,-0.0005806533310155262
68.5558463999987,-3.0321338233953036e-05,-0.0005806491713328584
68.6018096000007,-3.0323978119485435e-05,-0.0005806450106502959
68.65410459999839,-3.0326617894342467e-05,-0.0005806408486427519
68.70097370000076,-3.032925796583722e-05,-0.0005806366856710483
68.75252370000089,-3.0331898071679494e-05,-0.0005806325215631011
68.80248890000075,-3.0334538204930402e-05,-0.0005806283562991339
68.85071410000091,-3.0337178489449198e-05,-0.000580624189948189
68.90233950000038,-3.033981885445916e-05,-0.000580620022500205
68.95186380000087,-3.0342459329797537e-05,-0.0005806158539954277
69.00187970000115,-3.0345099969934642e-05,-0.0005806116844234482
69.05017479999879,-3.034774059237757e-05,-0.0005806075136874694
69.10007150000092,-3.0350381529846283e-05,-0.0005806033420605365
69.15097660000174,-3.035302245239637e-05,-0.0005805991692300527
69.20202929999869,-3.0355663383273132e-05,-0.0005805949953077338
69.2519140000004,-3.0358304622583726e-05,-0.0005805908205111143
69.30134109999926,-3.0360945723116444e-05,-0.0005805866444873514
69.35179050000079,-3.0363587122368546e-05,-0.0005805824675594505
69.40219150000121,-3.0366228679827424e-05,-0.0005805782896215937
69.45063930000106,-3.0368870316736645e-05,-0.0005805741106828016
69.50058440000066,-3.037151215209822e-05,-0.0005805699307434208
69.55076120000012,-3.037415399301092e-05,-0.0005805657496976335
69.60233530000187,-3.0376795968885105e-05,-0.0005805615677307078
69.64972399999897,-3.037943804329158e-05,-0.0005805573847715204
69.70037600000069,-3.0382080175290877e-05,-0.0005805532007399271
69.75164009999935,-3.038472264278569e-05,-0.0005805490158947482
69.80320410000058,-3.038736514948526e-05,-0.0005805448299997149
